category,name,price,product_number,subcategory,subtitle
Гейминг периферия,"
D-Link DUB-1340
",100.33,D-LINK-DUB-1340-E,USB хъбове,"USB хъб D-Link DUB-1340/E със захранване, USB 3.0, Черен"
Гейминг периферия,"
Hama USB-C Hub, Multiport
",120.61,HAMA-200111,USB хъбове,"8-портов хъб HAMA USB-C, 3 x USB-A, 2 x USB-C, VGA, HDMI, LAN"
Гейминг периферия,"
uRage Reaper neo
",21.84,HAMA-186033,Геймърски мишки,"Геймърска мишка Hama uRage Reaper neo, Оптична, USB"
Гейминг периферия,"
Logitech G413 TKL SE
",139.0,LOGITECH-KEY-G413-SE-TKL,Геймърски клавиатури,"Геймърска механична клавиатура Logitech G413 SE TKL, Tactile суичове"
Гейминг периферия,"
Bloody B930 TKL
",139.0,A4-KEY-B930-BG-US,Геймърски клавиатури,"Геймърска механична клавиатура Bloody B930 TKL, RGB LED, USB, Черен"
Гейминг периферия,"
ASUS TUF Gaming K1
",139.0,ASUS-KEY-TUF-GAMING-K1,Геймърски клавиатури,Геймърска клавиатура ASUS TUF Gaming K1 RGB Aura Sync
Гейминг периферия,"
Logitech G213
",129.0,LOGITECH-KEY-G213-US,Геймърски клавиатури,Геймърска клавиатура Logitech G213 Prodigy
Гейминг хардуер,"
Fasgear USB-C - USB-A
",95.14,OCULUS-CABLE-B087RC4VD5,Виртуална реалност,"Кабел Fasgear USB-C - USB-A, USB 3.0, 5m за Oculus Quest"
Гейминг периферия,"
Spartan Gear Pegasus
",118.99,SG-071503,Геймърски клавиатури,"Механична Геймърскa клавиатура Spartan Gear Pegasus, Xinda Blue, Черна"
Гейминг периферия,"
Bloody B3370R
",99.04,A4-KEY-B3370R,Геймърски клавиатури,"Геймърска механична клавиатура A4tech Bloody B3370R, 8 LK клавиша, Черен"
Гейминг периферия,"
Spartan Gear Pegasus
",118.99,SG-071504,Геймърски клавиатури,"Механична Геймърскa клавиатура Spartan Gear Pegasus, Xinda Blue, Бяла"
Гейминг периферия,"
Xtrfy K3 RGB
",98.08,XTRFY-KEY-1061,Геймърски клавиатури,"Геймърскa полу-механична клавиатура Xtrfy K3 RGB, US Layout"
Гейминг периферия,"
SteelSeries Apex 3 TKL
",109.0,STEEL-KEY-64831,Геймърски клавиатури,Геймърскa клавиатура SteelSeries Apex 3 TKL Quiet Switch
Гейминг периферия,"
uRage Exodus 800
",99.0,HAMA-186057,Геймърски клавиатури,"Геймърска механична клавиатура Hama, uRage Exodus 800, Blue switch"
Гейминг периферия,"
Spartan Gear Cyclops 2
",99.0,SG-054144,Геймърски клавиатури,"Механична Геймърскa клавиатура Spartan Gear Cyclops 2, Outemu"
Гейминг периферия,"
Bloody B314
",69.0,A4-KEY-B314-BG-US,Геймърски клавиатури,"Геймърска клавиатура Bloody B314, Infrared-Micro Swich, Кирилизирана"
Гейминг периферия,"
Cooler Master Devastator 3
",79.0,CM-KEY-DEVASTATOR-3,Геймърски клавиатури,Геймърски комплект мишка с клавиатура Cooler Master Devastator 3
Гейминг периферия,"
Bloody B2500
",77.15,A4-KEY-B2500,Геймърски клавиатури,"Геймърска клавиатура и мишка A4tech Bloody Illuminate B2500, Подсветка, B150N+N81, Черен"
Гейминг периферия,"
Spartan Gear Lochos
",58.99,SG-054145,Геймърски клавиатури,"Механична Геймърскa клавиатура Spartan Gear Lochos, Xinda Blue"
Гейминг периферия,"
uRage Exodus 700
",69.0,HAMA-186011,Геймърски клавиатури,Геймърска полу-механична клавиатура uRage Exodus 700
Гейминг периферия,"
Bloody B2418
",50.99,A4-KEY-B2418,Геймърски клавиатури,Геймърска полу-механична клавиатура Bloody B2418
Гейминг периферия,"
Bloody Q135
",43.2,A4-KEY-Q135,Геймърски клавиатури,"Геймърска клавиатура A4tech Bloody Q135, Подсветка, Черна"
Гейминг периферия,"
uRage Exodus 450 Metal
",49.0,HAMA-186070,Геймърски клавиатури,"Геймърска клавиатура Hama, uRage Exodus 450 Metal"
Гейминг периферия,"
Spartan Gear Centaur
",39.0,SG-045169,Геймърски клавиатури,Геймърскa клавиатура Spartan Gear Centaur
Гейминг периферия,"
uRage Exodus 300 Illuminated
",49.0,HAMA-186040,Геймърски клавиатури,"Геймърска клавиатура HAMA uRage ""Exodus 300 Illuminated"", Черен"
Гейминг периферия,"
Bloody Q100
",31.42,A4-KEY-Q100,Геймърски клавиатури,Геймърска клавиатура Bloody Blazing Q100
Гейминг периферия,"
uRage Exodus 220 TKL
",39.0,HAMA-186060,Геймърски клавиатури,Геймърска клавиатура Hama uRage Exodus 220 TKL
Гейминг периферия,"
uRage Exodus 210 Illuminated
",35.54,HAMA-186042,Геймърски клавиатури,"Геймърска клавиатура HAMA uRage ""Exodus 210 Illuminated"", Кирилизирана, Черна"
Гейминг периферия,"
Plantronics RIG 300HS
",50.02,PLANT-HEAD-211836-05,Геймърски слушалки,Геймърски слушалки Plantronics RIG 300HS
Гейминг периферия,"
Spartan Gear Medusa
",49.0,SG-069486,Геймърски слушалки,"Геймърски слушалки Spartan Gear Medusa, Микрофон, Бял"
Гейминг периферия,"
Plantronics RIG 300
",50.02,PLANT-HEAD-211834-05,Геймърски слушалки,Геймърски слушалки Plantronics RIG 300
Гейминг периферия,"
Spartan Gear Medusa
",49.0,SG-069485,Геймърски слушалки,"Геймърски слушалки Spartan Gear Medusa, Микрофон, Бял/Черен"
Гейминг периферия,"
Spartan Gear Medusa
",49.0,SG-069484,Геймърски слушалки,"Геймърски слушалки Spartan Gear Medusa, Микрофон, Черен"
Гейминг периферия,"
Bloody G521
",49.0,A4-HEAD-G521,Геймърски слушалки,"Геймърски слушалки A4TECH Bloody G521, Virtual 7.1, Omni-Directional микрофон, Черно/Червено"
Гейминг периферия,"
Nacon Bigben Stereo Gaming Headset V1
",49.0,NC-MULTIHEADSETV1CAMO,Геймърски слушалки,"Геймърски слушалки Nacon Bigben Stereo Gaming Headset V1, Микрофон, Камуфлажно зелено"
Гейминг периферия,"
uRage SoundZ 320 7.1
",49.0,HAMA-186063,Геймърски слушалки,"Геймърски слушалки Hama uRage Soundz 320 7.1, Микрофон, USB, Черен"
Гейминг периферия,"
Bloody G300
",45.52,A4-HEAD-G300,Геймърски слушалки,"Геймърски слушалки A4TECH, Bloody G300"
Гейминг периферия,"
Bloody G350
",41.23,A4-HEAD-G350,Геймърски слушалки,"Геймърски слушалки A4TECH Bloody G350, Virtual 7.1, Микрофон, Черно/Червено"
Гейминг периферия,"
Spartan Gear Myrmidon II
",49.0,SG-054146,Геймърски слушалки,"Геймърски слушалки Spartan Gear Myrmidon II, Микрофон, Черен/Червен"
Гейминг периферия,"
Bloody G300
",39.04,A4-HEAD-G300-WHITE,Геймърски слушалки,"Геймърски слушалки A4TECH, Bloody G300, Микрофон, Бял"
Гейминг периферия,"
uRage ""SoundZ 200""
",39.8,HAMA-186008,Геймърски слушалки,"Геймърски слушалки Hama uRage Soundz 200, Микрофон, USB, Черен"
Гейминг периферия,"
Bigben Nintendo Switch Headset V1
",39.0,NC-SWITCHHEASETV1,Геймърски слушалки,"Геймърски слушалки Nacon Bigben Nintendo Switch Headset V1, Микрофон, Черен/Червен"
Гейминг периферия,"
Bigben Nintendo Switch Headset V1
",39.0,NC-SWITCHHEASETV1RB,Геймърски слушалки,"Геймърски слушалки Nacon Bigben Nintendo Switch Headset V1, Микрофон, Червен/Син"
Гейминг периферия,"
HyperX Cloud Chat PS5
",39.0,HX-HEAD-CCPS5-BK,Геймърски слушалки,Геймърски слушалки HyperX Cloud Chat PS5
Гейминг периферия,"
Nacon Bigben PS5 Official Headset V1
",39.0,NC-PS5HEADSETV1,Геймърски слушалки,"Геймърски слушалки Nacon Bigben PS5 Official Headset V1 Black, Микрофон, Черен"
Гейминг периферия,"
Bloody G220S
",39.0,A4-HEAD-G220S,Геймърски слушалки,"Геймърски слушалки A4TECH Bloody G220S, Микрофон, Черно/Червено"
Гейминг периферия,"
Nacon Bigben PS5 Official Headset V1
",39.0,NC-PS5HEADSETV1WHITE,Геймърски слушалки,"Геймърски слушалки Nacon Bigben PS5 Official Headset V1 White, Микрофон, Бял"
Гейминг периферия,"
Spartan Gear Thorax
",39.0,SG-054147,Геймърски слушалки,"Геймърски слушалки Spartan Gear Thorax, Микрофон, Черен/Червен"
Гейминг периферия,"
Nacon Bigben XBox X Official Headset V1
",39.0,NC-XBXHEADSETV1,Геймърски слушалки,"Геймърски слушалки Nacon Bigben XBox X Official Headset V1 Black, Микрофон, Черен"
Гейминг периферия,"
Bigben PS4 Headset
",35.0,NC-PS4GAMINGHEADSET,Геймърски слушалки,"Геймърски слушалки Nacon Bigben PS4 Headset, Микрофон, Черен"
Гейминг периферия,"
Nacon Communicator Gaming Headset
",34.8,NC-PS4OFCOMMUNICATOR,Геймърски слушалки,"Геймърски слушалки Nacon Bigben PS4 Official Communicator, Микрофон, Черен"
Гейминг периферия,"
uRage ""SoundZ 100""
",31.68,HAMA-186007,Геймърски слушалки,"Геймърски слушалки Hama uRage Soundz 100, Микрофон, 3.5мм жак, Черен"
Гейминг периферия,"
Spartan Gear Agoge
",28.99,SG-052559,Геймърски слушалки,"Геймърски слушалки тапи с микрофон Spartan Gear Agoge, Черен"
Гейминг периферия,"
Hama Gaming Headset for PlayStation 5
",30.98,HAMA-54460,Геймърски слушалки,"Геймърски слушалки Hama, За PlayStation 5, Микрофон, 3.5мм жак, Бял/Черен"
Гейминг периферия,"
Nacon Communicator Headset
",25.0,NC-PS4COMMUNICATOR,Геймърски слушалки,"Геймърски слушалки Nacon Bigben PS4 Communicator, Микрофон, Черен"
Гейминг периферия,"
AORUS M4
",71.45,GA-MOUSE-AORUS-M4,Геймърски мишки,Геймърска оптична мишка Gigabyte Aorus M4 RGB Fusion
Гейминг периферия,"
HyperX Pulsefire Core
",69.0,HX-MOUSE-PFC-BK,Геймърски мишки,"Геймърска мишка HyperX Pulsefire Core, RGB, USB"
Гейминг периферия,"
ASUS TUF Gaming M3
",69.0,ASUS-MOUSE-TUF-GAMING-M3,Геймърски мишки,Геймърска мишка ASUS TUF Gaming M3 RGB
Гейминг периферия,"
Xtrfy M4 RGB Pink
",69.0,XTRFY-MOUSE-1160,Геймърски мишки,"Геймърска мишка Xtrfy M4 Pink, RGB, Розов"
Гейминг периферия,"
Aorus M3
",61.45,GA-MOUSE-AORUS-M3,Геймърски мишки,Геймърска оптична мишка Gigabyte Aorus M3 RGB Fusion
Гейминг периферия,"
Bloody W60 Max
",58.99,A4-MOUSE-W60-STONE,Геймърски мишки,"Геймърска мишка А4 Bloody W60 Max Stone, Оптична, Жична, USB, RGB, 10000cpi, 8бутона, Черен"
Гейминг периферия,"
Xtrfy M4 Miami Blue
",69.0,XTRFY-MOUSE-1159,Геймърски мишки,Геймърска мишка Xtrfy M4 Miami Blue RGB
Гейминг периферия,"
Bloody W60 Max
",58.99,A4-MOUSE-W60-PANDA,Геймърски мишки,"Геймърска мишка А4 Bloody W60 Max Panda, Оптична, Жична, USB, RGB, 10000cpi, 8бутона"
Гейминг периферия,"
uRage Reaper 500
",59.0,HAMA-186054,Геймърски мишки,Геймърска мишка Hama Urage Reaper 500
Гейминг периферия,"
Logitech G102 LightSync
",58.99,LOGITECH-MOUSE-G102-LS-WH,Геймърски мишки,"Геймърска мишка Logitech G102 LightSync, RGB, Оптична, Жична, USB, Бяла"
Гейминг периферия,"
Bloody ES9
",49.76,A4-MOUSE-ES9,Геймърски мишки,"Геймърска оптична мишка А4 Bloody ES9 ESPORTS, Жична, USB, RGB, 6200cpi, Черен"
Гейминг периферия,"
Logitech G102 LightSync
",58.99,LOGITECH-MOUSE-G102-LS-BL,Геймърски мишки,"Геймърска мишка Logitech G102 LightSync, RGB, Оптична, Жична, USB, Син"
Гейминг периферия,"
Bloody J90s
",49.0,A4-MOUSE-J90S,Геймърски мишки,"Геймърска мишка Bloody J90s, Оптична, Жична, USB"
Гейминг периферия,"
Logitech G102 LightSync
",58.99,LOGITECH-MOUSE-G102-LS-BK,Геймърски мишки,"Геймърска мишка Logitech G102 LightSync, RGB, Оптична, Жична, USB"
Гейминг периферия,"
Logitech G102 LightSync
",58.99,LOGITECH-MOUSE-G102-LS-LL,Геймърски мишки,"Геймърска мишка Logitech G102 LightSync, RGB, Оптична, Жична, USB, Лилав"
Гейминг периферия,"
uRage Reaper 310 unleashed
",49.0,HAMA-186052,Геймърски мишки,Геймърска мишка Hama Urage Reaper 310
Гейминг периферия,"
Bloody V8M
",42.08,A4-MOUSE-V8m,Геймърски мишки,Геймърска мишка Bloody V8M
Гейминг периферия,"
Spartan Gear Phalanx
",39.0,SG-033887,Геймърски мишки,"Геймърски комплект Spartan Gear Phalanx, мишка, пад за мишка, черен"
Гейминг периферия,"
uRage Reaper 900 Morph
",48.46,HAMA-186015,Геймърски мишки,"Геймърска мишка uRage ""Reaper 900 Morph"""
Гейминг периферия,"
uRage Reaper 320
",44.4,HAMA-186053,Геймърски мишки,"Геймърска мишка Hama uRage Reaper 320, Оптична, USB"
Гейминг периферия,"
Spartan Gear Titan
",34.99,SG-033886,Геймърски мишки,"Геймърска мишка Spartan Gear Titan, черен"
Гейминг периферия,"
Spartan Gear Peltast
",28.99,SG-054149,Геймърски мишки,"Геймърска мишка Spartan Gear Peltast, черен"
Гейминг периферия,"
X7 Gaming Combo X-7120
",39.0,A4-MOUSE-X-7120,Геймърски мишки,Комплект Мишка A4tech X710BK OSCAR + пад X7-200MP
Гейминг периферия,"
Spartan Gear Talos
",19.0,SG-033885,Геймърски мишки,"Геймърска мишка Spartan Gear Talos, черен"
Гейминг периферия,"
uRage Reaper Ess.
",27.62,HAMA-186034,Геймърски мишки,"Геймърска мишка Hama uRage Reaper Ess, Оптична, USB"
Гейминг периферия,"
Maxell Samurai MXG
",20.48,ML-GAME-MOUSE-MOWR-MXG,Геймърски мишки,"Геймърска мишка MAXELL Samurai MXG GA-MOWR-MHG, ILLUMINATED, Оптична, Кабел, USB, Черен"
Гейминг периферия,"
Maxell Samurai 1200
",18.42,ML-GAME-MOUSE-MOWR-1200,Геймърски мишки,"Геймърска мишка MAXELL Samurai CA-MOWR-1200, ILLUMINATED, Оптична, Кабел, USB, Черен"
Гейминг периферия,"
Logitech Desk Mat Studio Series
",29.0,LOGITECH-PAD-DM-53,Геймърски падове за мишки,"Пад за мишка Logitech Desk Mat Studio Series, Тъмно Розов"
Гейминг периферия,"
Glorious L Stealth
",28.99,GL-PAD-GAMA-771,Геймърски падове за мишки,Геймърски пад Glorious Stealth L черен
Гейминг периферия,"
Logitech Desk Mat Studio Series
",29.0,LOGITECH-PAD-DM-52,Геймърски падове за мишки,"Пад за мишка Logitech Desk Mat Studio Series, Светло сив"
Гейминг периферия,"
TteSports M300 Medium
",25.98,THER-PAD-BLKSMS,Геймърски падове за мишки,Геймърски пад TteSports M300 Medium
Гейминг периферия,"
Gplay Mousepad XXL
",25.0,GPLAY-PAD-SXXL-C,Геймърски падове за мишки,"Геймърски пад за мишка Gplay XXL, Clear"
Гейминг периферия,"
SteelSeries QcK M
",24.0,STEEL-PAD-63004,Геймърски падове за мишки,"Геймърски пад SteelSeries, QCK"
Гейминг периферия,"
SteelSeries QcK S
",19.99,STEEL-PAD-63005,Геймърски падове за мишки,"Геймърски пад SteelSeries, QcK Mini"
Гейминг периферия,"
Bloody BP-50L
",20.44,A4-PAD-BP-50L,Геймърски падове за мишки,"Геймърски пад Bloody BP-50L Tech Specs, Размер XL, Черен"
Гейминг периферия,"
Ducky Flipper M
",21.6,DUCKY-PAD-A05MP-A004,Геймърски падове за мишки,Геймърски пад Ducky Flipper M
Гейминг периферия,"
Cooler Master MP511 L
",25.0,CM-PAD-MP-511-CBLC1,Геймърски падове за мишки,"Геймърски пад за мишка Cooler Master MP511, CORDURA, L"
Гейминг периферия,"
uRage Lethality 150
",19.3,HAMA-186032,Геймърски падове за мишки,"Геймърски пад Hama Urage Lethality 150, Черен"
Гейминг периферия,"
Bloody B-088S
",18.67,A4-PAD-B-088S,Геймърски падове за мишки,"Геймърски пад Bloody B-088S X-Thin, XL, Черен"
Гейминг периферия,"
Bloody B-081
",16.58,A4-PAD-B-081,Геймърски падове за мишки,"Геймърски пад Bloody, B-081"
Гейминг периферия,"
Bloody B-071
",16.58,A4-PAD-B-071,Геймърски падове за мишки,"Геймърски пад Bloody, B-071"
Гейминг периферия,"
Bloody B-087S
",15.89,A4-PAD-B-087S,Геймърски падове за мишки,Геймърски пад Bloody B-087S Specter Claw Precision Tracking X-Thin
Гейминг периферия,"
Spartan Gear Ares II XL
",19.0,SG-054143,Геймърски падове за мишки,Геймърски пад Spartan Gear Ares II XL
Гейминг периферия,"
Logitech Mouse Pad Studio Series
",15.0,LOGITECH-PAD-MP-49,Геймърски падове за мишки,"Пад за мишка Logitech Mouse Pad Studio Series, Черен"
Гейминг периферия,"
Logitech Mouse Pad Studio Series
",15.0,LOGITECH-PAD-MP-51,Геймърски падове за мишки,"Пад за мишка Logitech Mouse Pad Studio Series, Светло син"
Гейминг периферия,"
Gplay Mousepad L Special Edition
",15.0,GPLAY-PAD-SL-SE,Геймърски падове за мишки,"Геймърски пад за мишка Gplay L, Special Edition"
Гейминг периферия,"
Logitech Mouse Pad Studio Series
",15.0,LOGITECH-PAD-MP-50,Геймърски падове за мишки,"Пад за мишка Logitech Mouse Pad Studio Series, Тъмно Розов"
Гейминг периферия,"
Nacon Wired Compact Controller + Nacon pack of 6 thumb grips for controller stick
",116.44,NC-WCC-BK-PO6TGFCS,Комплекти,Комплект контролер и бутончета Nacon Wired Compact Controller + Nacon pack of 6 thumb grips for controller stick
Гейминг периферия,"
Spartan Gear Ares II
",15.0,SG-054141,Геймърски падове за мишки,Геймърски пад Spartan Gear Ares II
Гейминг периферия,"
Gplay Mousepad L
",15.0,GPLAY-PAD-SL-C,Геймърски падове за мишки,"Геймърски пад за мишка Gplay L, Clear"
Гейминг периферия,"
Bloody BP-50M
",14.52,A4-PAD-BP-50M,Геймърски падове за мишки,"Геймърски пад Bloody BP-50M Tech Specs, Размер M, Черен"
Гейминг периферия,"
X7-500MP
",12.61,A4-PAD-X7-500MP,Геймърски падове за мишки,"Геймърски пад A4tech, X7-500MP"
Гейминг периферия,"
uRage Lethality 100
",14.86,HAMA-186030,Геймърски падове за мишки,"Геймърски пад Hama Urage Lethality 100, Черен"
Гейминг периферия,"
Bloody B-080S
",12.01,A4-PAD-B-080S,Геймърски падове за мишки,Геймърски пад Bloody B-080S X-Thin
Гейминг периферия,"
X7-200MP
",8.4,A4-PAD-X7-200MP,Геймърски падове за мишки,"Геймърски пад A4tech, X7-200MP"
Гейминг периферия,"
Gplay Mousepad M
",10.2,GPLAY-PAD-SM-C,Геймърски падове за мишки,"Геймърски пад за мишка Gplay M, Clear"
Гейминг периферия,"
Nacon Wired Illuminated Compact Controller + Nacon pack of 6 thumb grips for controller stick
",110.27,NC-WICC-POFTGFCS-I,Комплекти,Комплект контролер и бутончета Nacon Wired Illuminated Compact Controller + Nacon pack of 6 thumb grips for controller stick
Гейминг периферия,"
Nacon Camo Wired Compact Controller + Nacon pack of 6 thumb grips for controller stick
",110.27,NC-CWCC-PO6TGFCSII,Комплекти,Комплект контролер и бутончета Nacon Camo Wired Compact Controller + Nacon pack of 6 thumb grips for controller stick
Гейминг периферия,"
Nacon Wired Illuminated Compact Controller + Nacon pack of 6 thumb grips for controller stick
",110.27,NC-WICC-PO6TGFCS,Комплекти,Комплект контролер и бутончета Nacon Wired Illuminated Compact Controller + Nacon pack of 6 thumb grips for controller stick
Гейминг периферия,"
Xtrfy M4 RGB Pink + B4 Pink
",108.04,XTRFY-M4-B4-RGBPINK,Комплекти,Комплект мишка и бънджи за мишка Xtrfy M4 RGB Pink + B4 Pink
Гейминг периферия,"
Xtrfy M4 RGB Miami Blue + B4 Miami Blue
",108.04,XTRFY-M4-B4-RGBMIAMIBLUE,Комплекти,Комплект мишка и бънджи за мишка Xtrfy M4 RGB Miami Blue + B4 Miami Blue
Гейминг периферия,"
Bloody G528C + V8M
",103.96,BLOODY-COMBO-G528C-V8M,Комплекти,Комплект мишка и слушалки Bloody G528C + V8M
Гейминг периферия,"
Spartan Gear Lochos + Spartan Gear Phalanx
",97.99,SG-LOCHOS-PHALANX,Комплекти,Комплект мишка и клавиатура Spartan Gear Lochos + Spartan Gear Phalanx
Гейминг периферия,"
Spartan Gear Hydra II
",99.0,SG-054148,Геймърски клавиатури,"Геймърски комплект Spartan Gear Hydra II - клавиатура, мишка, пад и слушалки"
Гейминг периферия,"
SteelSeries QcK S+Rival 3
",98.95,STEEL-QCK-S-R3,Комплекти,Комплакт мишка и пад за мишка SteelSeries QcK S+Rival 3
Гейминг периферия,"
Spartan Gear Lochos + Spartan Gear Titan
",93.98,SG-LOCHOS-TITAN,Комплекти,Комплект мишка и клавиатура Spartan Gear Lochos + Spartan Gear Titan
Гейминг периферия,"
Spartan Gear Myrmidon II + Spartan Gear Phalanx
",88.0,SG-MYRMIDONII-PHALANX,Комплекти,Комплект мишка и слушалки Spartan Gear Myrmidon II + Spartan Gear Phalanx
Гейминг периферия,"
Spartan Gear Peltast + Spartan Gear Lochos
",87.98,SG-PELTAST-LOCHOS,Комплекти,Комплект мишка и клавиатура Spartan Gear Peltast + Spartan Gear Lochos
Гейминг периферия,"
Spartan Gear Thorax + Spartan Gear Phalanx
",78.0,SG-THORAX-PHALANX,Комплекти,Комплект мишка и слушалки Spartan Gear Thorax + Spartan Gear Phalanx
Гейминг периферия,"
Spartan Gear Lochos + Spartan Gear Ares II XL
",77.99,SG-LOCHOS-ARESIIXL,Комплекти,Комплект клавиатура и пад за мишка Spartan Gear Lochos + Spartan Gear Ares II XL
Гейминг периферия,"
uRage ""Exodus 300 Illuminated"" + uRage Reaper neo
",70.84,HAMA-186040-186033,Комплекти,"Комплект мишка и клавиатура uRage ""Exodus 300 Illuminated"" + uRage Reaper neo"
Гейминг периферия,"
uRage Lethality 150 + uRage Reaper 900 Morph
",67.76,URAGE-LETHALITY150-REAPER900MORPH,Комплекти,Комплект мишка и пад за мишка uRage Lethality 150 + uRage Reaper 900 Morph
Гейминг периферия,"
Spartan Gear Ksifos + Spartan Gear Silicon Thumb Grips
",61.0,SG-KSIFOS-STG,Комплекти,Комплект контролер и бутончета Spartan Gear Ksifos + Spartan Gear Silicon Thumb Grips
Гейминг периферия,"
uRage ""Exodus 210 Illuminated"" + uRage Reaper neo
",57.38,HAMA-186042-186033,Комплекти,"Компелкт мишка и клавиатура uRage ""Exodus 210 Illuminated"" + uRage Reaper neo"
Гейминг периферия,"
Spartan Gear Oplon + Spartan Gear Silicon Thumb Grips
",40.99,SG-OPLON-STG,Комплекти,Комплект контролер и бутончета Spartan Gear Oplon + Spartan Gear Silicon Thumb Grips
Гейминг периферия,"
Nacon Wired Illuminated Compact Controller
",99.0,NC-PS4OFCPADCLRED,Гейминг контролери,Жичен геймпад Nacon Wired Illuminated Compact Controller Red
Гейминг периферия,"
Nacon Wired Illuminated Compact Controller
",99.0,NC-PS4OFCPADCLBLUE,Гейминг контролери,Жичен геймпад Nacon Wired Illuminated Compact Controller Blue
Гейминг периферия,"
Nacon Wired Compact Controller
",99.0,NC-PS4OFCPADORANGE,Гейминг контролери,Жичен геймпад Nacon Wired Compact Controller Orange
Гейминг периферия,"
Nacon GC-200WL
",79.0,NC-PCGC-200WL,Гейминг контролери,"Безжичен геймпад Nacon GC-200WL, Черен"
Гейминг периферия,"
Spartan Gear Aspis 3
",69.0,SG-068424,Гейминг контролери,"Геймърски контролер Spartan Gear Aspis 3, Черен"
Гейминг периферия,"
Thrustmaster T.Flight Stick X
",83.34,THRUST-JS-STICK-X-PS3,Гейминг контролери,"Жичен джойстик, авиосимулатор Thrustmaster T.Flight Stick X за PC / PS3, Черен"
Гейминг периферия,"
Logitech F310
",69.0,LOGITECH-GP-F310,Гейминг контролери,Жичен геймпад Logitech F310
Гейминг периферия,"
Thrustmaster GP XID Pro
",67.94,THRUST-GP-XID-PRO,Гейминг контролери,"Жичен геймпад Thrustmaster GP XID Pro за Xbox/PC, Черен"
Гейминг периферия,"
Thrustmaster Dual Analog 4
",61.66,THRUST-GP-DA4,Гейминг контролери,"Жичен геймпад Thrustmaster Dual Analog 4 за PC, Черен"
Гейминг периферия,"
uRage Airborne 300
",50.16,HAMA-186043,Гейминг контролери,"Жичен джойстик HAMA uRage Airborne 300, Aвиосимулатор за PC, Черен/Син"
Гейминг периферия,"
Nacon GC-100XF
",48.32,NC-PCGC-100GREY,Гейминг контролери,Жичен геймпад Nacon GC-100XF Grey
Гейминг периферия,"
Nacon GC-100XF
",48.32,NC-PCGC-100BLUE,Гейминг контролери,"Жичен геймпад Nacon GC-100XF, Син"
Гейминг периферия,"
Spartan Gear Ksifos
",49.0,SG-032129,Гейминг контролери,"Безжичен геймпад Spartan Gear Ksifos, Черен"
Гейминг периферия,"
Spartan Gear Oplon
",28.99,SG-050354,Гейминг контролери,"Жичен геймпад Spartan Gear Oplon, Green Camo"
Гейминг периферия,"
Spartan Gear Hoplite
",45.0,SG-072218,Гейминг контролери,"Жичен геймпад Spartan Gear Hoplite за PC и PS4, Green Camo"
Гейминг периферия,"
Spartan Gear Hoplite
",45.0,SG-072216,Гейминг контролери,"Жичен геймпад Spartan Gear Hoplite за PC и PS4, Черен"
Гейминг периферия,"
Spartan Gear Oplon
",28.99,SG-050353,Гейминг контролери,"Жичен геймпад Spartan Gear Oplon, Бял"
Гейминг периферия,"
uRage ""Vendetta 210""
",37.07,HAMA-186074,Гейминг контролери,"Жичен геймпад HAMA uRage Vendetta 210, USB-A, Черен"
Гейминг периферия,"
Spartan Gear Oplon
",28.99,SG-032128,Гейминг контролери,"Жичен геймпад Spartan Gear Oplon, Черен"
Гейминг периферия,"
Estillo 703
",22.8,EST-USB703,Гейминг контролери,Жичен геймпад ESTILLO 703 Dual Vibration
Гейминг периферия,"
Ewent PL3330
",13.2,EWENT-PL3330,Гейминг контролери,"Жичен геймпад за PC Ewent PL3330, USB, Черен"
Гейминг периферия,"
j5create USB 4K ULTRA HD Webcam
",195.79,J5-JVU430,Уеб камери,"Уеб камера j5create JVU430, 4K Ultra HD, Два микрофона, 360° Rotation, Черен"
Гейминг периферия,"
Logitech C920 HD PRO
",189.0,LOGITECH-WEB-CAM-C920HD,Уеб камери,Уеб камера с микрофон LOGITECH C920 HD Pro
Гейминг периферия,"
Hama ""C-900 Pro""
",168.32,HAMA-139995,Уеб камери,"Уеб камера HAMA C-900 Pro, UHD 4K, Стерео микрофон, 2160p, USB-C, Черна"
Гейминг периферия,"
ASUS Webcam C3
",149.0,ASUS-CAM-WEBCAM-C3,Уеб камери,Уеб камера с микрофон Asus Webcam C3 1080p 30fps
Гейминг периферия,"
Streamplify CAM
",139.0,SPMC-CZFH221,Уеб камери,"Уеб камера с микрофон Streamplify CAM 1080p, 60fps, USB2.0"
Гейминг периферия,"
j5create JVCU100
",107.26,J5-JVCU100,Уеб камери,"Уеб камера j5create JVCU100, HD, микрофон, USB, 360° Rotation, Черен"
Гейминг периферия,"
Hama ""C-800 Pro""
",118.99,HAMA-139993,Уеб камери,"Уеб камера HAMA C-800 Pro, QHD и дистанционно, Стерео микрофон, Пръстеновидна светлина, Черна"
Гейминг периферия,"
A4Tech FHD 1080P AF Webcam
",83.17,A4-CAM-PK-940HA,Уеб камери,"Уеб камера с микрофон A4TECH PK-940HA, Full-HD, AF, USB2.0"
Гейминг периферия,"
AVerMedia PW310
",79.2,AVER-WEB-CAM-PW310-BK,Уеб камери,"Уеб камера с микрофон AVerMedia PW310, Full HD live streaming, Черна"
Гейминг периферия,"
Rapoo XW180
",65.35,RAPOO-19999,Уеб камери,"Уеб камера Rapoo XW180, микрофон, HD 1080p, 30 fps, Черен"
Гейминг периферия,"
Hama ""C-650 Face Tracking""
",83.59,HAMA-139994,Уеб камери,"Уеб камера HAMA C-650 Face Tracking, 1080p, Микрофон, USB-C, Черна"
Гейминг периферия,"
Hama ""C-600 Pro""
",69.91,HAMA-139992,Уеб камери,"Уеб камера HAMA C-600 Pro, full-HD, стерео микрофон, Черна"
Гейминг периферия,"
Logitech C270
",64.5,LOGITECH-WEB-CAM-C270,Уеб камери,Уеб камера с микрофон LOGITECH C270
Гейминг периферия,"
uRage ""REC 600 HD""
",67.52,HAMA-186006,Уеб камери,"Уеб камера HAMA uRage REC 600 HD, HD, стриминг, микрофон, Черна"
Гейминг периферия,"
Hama ""HS-USB300 & C-400"" PC Office Streaming Set
",69.98,HAMA-139999,Уеб камери,"Комплект за стрийминг Hama 139999, Камера C-400 FullHD и слушалки с микрофон HS-USB300, USB"
Гейминг периферия,"
A4tech PK-910P
",55.82,A4-CAM-PK-910P,Уеб камери,"Уеб камера с микрофон A4TECH PK-910P, HD, USB2.0"
Гейминг периферия,"
Hama ""C-400""
",50.02,HAMA-139991,Уеб камери,"Уеб камера HAMA C-400, full-HD, Микрофон, Черна"
Гейминг периферия,"
Rapoo XW170
",48.0,RAPOO-20023,Уеб камери,"Уеб камера Rapoo XW170, микрофон, HD 720p, 30 fps, Черен"
Гейминг периферия,"
Hama ""Spy Protect""
",37.18,HAMA-53950,Уеб камери,"Уеб камера HAMA Spy Protect, HD, микрофон, Черна"
Гейминг периферия,"
Spire CG-ASK-WL-012
",45.6,SP-CAM-CG-ASK-WL-012,Уеб камери,"Уеб камера Spire CG-ASK-WL-012, микрофон, HD 720P, Черна"
Гейминг периферия,"
Hama ""HS-P150 & C-200"" PC Office Streaming Set
",49.44,HAMA-139998,Уеб камери,"Комплект за стрийминг HAMA 139998, Слушалки с микрофон HS-P150, Камера Spy Protect 720P, Черен"
Гейминг периферия,"
Spire CG-ASK-WL-001
",33.6,SP-CAM-CG-ASK-WL-001,Уеб камери,"Уеб камера Spire CG-ASK-WL-001, 2.0 Mpix, микрофон, Черна"
Гейминг периферия,"
uRage Webcam HD Essential
",36.11,HAMA-186005,Уеб камери,"Уеб камера HAMA uRage Webcam HD Essential, HD, микрофон, Черна"
Гейминг периферия,"
Creative SBS E2900
",169.85,CREAT-SPEAK-SBS-E2900,Аудио системи,"Озвучителна система Creative SBS E2900, 2.1, Bluetooth говорители, Черен"
Гейминг периферия,"
A4tech PK-710G
",35.47,A4-CAM-PK710G,Уеб камери,"Уеб камера с микрофон A4tech PK-710G, 16Mpix, микрофон, USB 2.0"
Гейминг периферия,"
Creative T15 Wireless
",129.91,CREAT-SPEAK-T15,Аудио системи,Тонколони безжични Creative T15 Wireless
Гейминг периферия,"
Creative SBS E2500
",107.87,CREAT-SPEAK-SBS-E2500,Аудио системи,"Озвучителна система Creative SBS E2500, 2.1, Bluetooth говорители, Черен"
Гейминг периферия,"
eWent 2.1 Speaker Set with illumination, Bluetooth, FM Radio and USB/SD/AUX input
",68.63,EWENT-SP-EW3526,Аудио системи,"Звукова система Ewent EW3526, 2.1, FM Radio, USB, SD, AUX, Bluetooth, Черна"
Гейминг периферия,"
Logitech Z150
",51.79,LOGITECH-SP-Z150,Аудио системи,"Тонколони Logitech Z150, 2.0, 3 W, 220V, Черни"
Гейминг периферия,"
Creative Pebble
",45.2,CREAT-SPEAK-PEBBLE,Аудио системи,Озвучителна система Creative PEBBLE
Гейминг периферия,"
Creative Pebble V2
",50.41,CREAT-SPEAK-PEBBLE-BK-C,Аудио системи,"Озвучителна система Creative PEBBLE V2, 2 x 4W, Черен"
Гейминг периферия,"
Creative Pebble
",46.75,CREAT-SPEAK-PEBBLE-WH,Аудио системи,Озвучителна система Creative PEBBLE
Гейминг периферия,"
Hama Sonic LS-208
",31.7,HAMA-173134,Аудио системи,"Тонколонки HAMA Sonic LS-208, 2.0, 3.5mm жак, Черен"
Гейминг периферия,"
HAMA Sonic LS-206
",24.65,HAMA-173133,Аудио системи,Тонколонки HAMA Sonic LS-206
Гейминг периферия,"
Ewent 2.0 Speakerset
",22.62,EWENT-SP-EW3513,Аудио системи,"Тонколонки Ewent EW3513, USB, 2.0, 2.5W x 2, Бял"
Гейминг периферия,"
Hama E 80
",20.75,HAMA-57139,Аудио системи,Тонколони Hama E-80
Гейминг периферия,"
Hama Sonic Mobil 185
",18.83,HAMA-173132,Аудио системи,Тонколонки HAMA Sonic Mobil 185
Гейминг периферия,"
Hama Sonic Mobil 183
",18.5,HAMA-173131,Аудио системи,Тонколонки HAMA Sonic Mobil 183
Гейминг периферия,"
Delock Desktop USB Gaming Microphone
",67.72,DELOCK-66330,Микрофони,"Геймърски микрофон Delock 66330, Omnidirectional, USB, Mute Button Черен"
Гейминг периферия,"
Logitech Z120
",39.6,LOGITECH-Z120,Аудио системи,Компактни стерео колонки Logitech Z120
Гейминг периферия,"
BOYA BY-MM1
",49.0,BOYA-BY-MM1,Микрофони,"Микрофон BOYA BY-MM1 компактен, 3.5mm жак"
Гейминг периферия,"
Big Ben Streaming Microphone
",58.99,NC-MIC-MULTISTREAM,Микрофони,"Настолен микрофон BigBen Multistreaming Mic, NACON, USB"
Гейминг периферия,"
BOYA BY-M100UA
",58.99,BOYA-BY-M100UA,Микрофони,"Микрофон BOYA BY-M100UA компактен, USB-A"
Гейминг периферия,"
uRage Stream 400 Plus
",49.12,HAMA-186018,Микрофони,"Геймърски микрофон HAMA uRage Stream 400 Plus, 2 м кабел, черен"
Гейминг периферия,"
Ewent EW3552
",48.61,EWENT-MIC-EW3552,Микрофони,Настолен мултимедиен микрофон EWENT EW3552
Гейминг периферия,"
Hama MIC-USB Stream
",49.0,HAMA-139907,Микрофони,Настолен микрофон HAMA MIC-USB Stream
Гейминг периферия,"
BOYA BY-M1DM
",45.0,BOYA-BY-M1DM,Микрофони,"Микрофон брошка 2 броя BOYA BY-M1DM, 3.5mm жак"
Гейминг периферия,"
Thomson M135D
",32.88,HAMA-131772,Микрофони,Комплект от динамични микрофони HAMA Thomson M135D
Гейминг периферия,"
uRage Stream 100
",29.51,HAMA-186017,Микрофони,"Настолен микрофон uRage Stream 100, USB, Черен"
Гейминг периферия,"
BOYA BY-M1 Pro
",45.0,BOYA-BY-M1-PRO,Микрофони,"Микрофон брошка BOYA BY-M1 Pro, 3.5mm жак"
Гейминг периферия,"
BOYA BY-M1
",28.99,BOYA-BY-M1,Микрофони,"Микрофон брошка BOYA BY-M1, 3.5mm жак"
Гейминг периферия,"
Hama DM 60 Dynamic Microphone
",35.02,HAMA-46060,Микрофони,"Аудио микрофон HAMA DM 60, 3м кабел. 6.3мм жак, черен"
Гейминг периферия,"
Hama MIC-USB Allround
",25.9,HAMA-139906,Микрофони,"Настолен микрофон HAMA MIC-USB Allround, за PC/лаптоп, USB, Черен"
Гейминг периферия,"
Thomson M151
",25.39,HAMA-131597,Микрофони,Аудио динамичен микрофон HAMA Thomson M151
Гейминг периферия,"
BigBen Nintendo Switch TG Protector
",19.0,NC-SWITCHTEMPGLASS,Аксесоари,Защитно стъкло BigBen Nintendo Switch TG Protector NACON
Гейминг периферия,"
Tiger Gaming Arc 1 Xtrfy M4
",18.0,TG-XTRFY-GAMO-912,Аксесоари,"Аксесоар крачета за мишка Tiger Gaming Arc 1 Xtrfy M4, PTFE, White, 2 комплекта"
Гейминг периферия,"
Tiger Gaming Arc 2 Glorious Model O/O-
",18.0,TG-GLORIOUS-GAMO-918,Аксесоари,"Аксесоар крачета за мишка Tiger Gaming Arc 2 Glorious Model O/O-, PTFE, White"
Гейминг периферия,"
Hama Nintendo Car Charger
",18.0,HAMA-53688,Аксесоари,"Заряднo за кола HAMA за Nintendo 3DS, DSi XL, DSi and DS Lite"
Гейминг периферия,"
Hama Soccer Design Skin
",16.8,HAMA-54463,Аксесоари,"Стикери ""Soccer"" за SONY PlayStation 4 PRO"
Гейминг периферия,"
Spartan Gear Silicon Skin Cover Transparent + Thumb Grips
",15.0,SG-050681,Аксесоари,"Протектор Spartan Gear Silicon Skin Cover + Thumb Grips за Dualshock 4, Прозрачен"
Гейминг периферия,"
Spartan Gear Silicon Skin Cover + Thumb Grips
",15.0,SG-050392,Аксесоари,"Протектор Spartan Gear Silicon Skin Cover + Thumb Grips за Dualshock 4, Green Camo"
Гейминг периферия,"
Hama Grip Protective Sleeves
",14.71,HAMA-54489,Аксесоари,"Силиконов протектор за гейм пад PS4/SLIM/PRO HAMA, 3 цвята"
Мърчандайз,"
Gplay.bg Keycap + Keycap Puller
",14.95,GPLAY-KEYCAP,Gplay,Комплект Gplay.BG капачкa за механична клавиатура и уред за вадене на механични копчета
Гейминг периферия,"
Hama High Quality Controller Charging Cable
",15.0,HAMA-54473,Аксесоари,"Кабел за зареждане на PS4 HAMA High Quality, 2.5 м"
Гейминг периферия,"
Hama 8-in-1 Control Stick Attachments Kit
",14.4,HAMA-54475,Аксесоари,"Сменяеми бутончета HAMA за SONY PS4 комплект 8in1, Черен"
Гейминг периферия,"
BOYA BY-UM4
",19.9,BOYA-BY-UM4,Микрофони,"Микрофон BOYA BY-UM4, 3.5mm жак"
Гейминг периферия,"
Hama Colors 8-in-1 Control Stick Attachments Set
",14.4,HAMA-54476,Аксесоари,"Сменяеми бутончета HAMA Colors за PS4 комплект, 8 in 1"
Гейминг периферия,"
Hama DM-20
",21.1,HAMA-46020,Микрофони,Аудио микрофон HAMA DM-20
Гейминг периферия,"
Hama MIC-P35 Allroad
",18.35,HAMA-139905,Микрофони,"Настолен микрофон HAMA MIC-P35 Allround, за PC/лаптоп, 3.5 mm жак, Черен"
Гейминг периферия,"
Hama Square Control Stick Attach. Kit
",13.99,HAMA-54471,Аксесоари,"Сменяеми бутончета HAMA Square, 8-in-1 за PS4/Xbox One, черен/зелен/син"
Гейминг периферия,"
A4tech MI-10
",10.4,A4-MIC-MI10,Микрофони,Настолен микрофон A4tech MI-10
Гейминг периферия,"
Ewent EW3550
",9.06,EWENT-MIC-EW3550,Микрофони,Настолен мултимедиен микрофон EWENT EW3550
Гейминг периферия,"
Hama ""CS-461"" Table Microphone
",12.0,HAMA-139902,Микрофони,"Настолен микрофон HAMA CS-461, за PC/лаптоп, 3.5 mm жак, Черен"
Гейминг периферия,"
Hama Notebook Mini
",9.6,HAMA-57151,Микрофони,Мини микрофон за преносим компютър HAMA
Гейминг периферия,"
Hama Notebook VoIP
",8.33,HAMA-57152,Микрофони,Нотбук микрофон VoIP HAMA
Гейминг периферия,"
Hama Clip-On
",8.16,HAMA-139901,Микрофони,Микрофон за ревер с клипс HAMA Clip-On
Гейминг периферия,"
Hama ""CS-198"" Desktop Microphone
",17.68,HAMA-57198,Микрофони,"Настолен микрофон HAMA CS-198, за PC/лаптоп, 3.5 mm жак, Черен"
Гейминг периферия,"
Spartan Gear Silicon Thumb Grips
",12.0,SG-036772,Аксесоари,"Сменяеми бутончета Spartan Gear Silicon Thumb Grips, универсални"
Гейминг периферия,"
Hama 8-in-1 Control Stick Attachments Set
",11.42,HAMA-54646,Аксесоари,"Сменяеми бутончета HAMA 8-in-1 за Nintendo, Различни цветове"
Гейминг периферия,"
Nacon Bigben Thumb grips
",9.6,NC-PS5THUMBGRIP,Аксесоари,Сменяеми бутончета Nacon Bigben Thumb grips за SONY PS5 Dualsense
Гейминг периферия,"
Hama Basic Controller Charging Cable
",10.18,HAMA-54472,Аксесоари,"Кабел за зареждане на за PS4 HAMA Basic, 1.5 м, Черен"
Гейминг периферия,"
Nacon pack of 6 thumb grips for controller stick
",11.27,NC-PS4THUMBGRIP,Аксесоари,Сменяеми бутончета Nacon Bigben Thumb grips за SONY PS4 Dualshock
Гейминг периферия,"
SanDisk Extreme SD UHS-I 16GB
",18.59,SD-SDXNE-016G-GNCIN,Карти памет,"Карта памет SANDISK Extreme SDHC, 16GB, Class 10, U3, 90 Mb/s"
Гейминг периферия,"
Kingston Canvas Select Plus microSDXC 64GB
",18.35,KIN-SDCS2-64GB,Карти памет,"Карта памет Kingston Canvas Select Plus microSDHC 64GB, Class 10 UHS-I"
Гейминг периферия,"
SanDisk Ultra UHS-I SDHC 32GB
",17.22,SD-SDUN4-032G-GN6IN,Карти памет,"Карта памет SANDISK Ultra SDHC, 32GB, Class 10, U1, 120 Mb/s"
Гейминг периферия,"
SanDisk Ultra UHS-I microSDHC 32GB
",16.57,SD-SDSQUA4-032G-GN6MA,Карти памет,"Карта памет SANDISK Ultra microSDHC, 32GB, A1, UHS-I, U1, Class 10, 120MB/s, Адаптер"
Гейминг периферия,"
SanDisk Ultra SDHC UHS-I card 16GB
",14.56,SD-SDUNC-016G-GN6IN,Карти памет,"Карта памет SANDISK Ultra SDHC, 16GB, Class 10, 80MB/s , UHS-1"
Гейминг периферия,"
Kingston Canvas Select Plus SDHC 32GB
",14.36,KIN-SDS2-32GB,Карти памет,"Карта памет Kingston Canvas Select Plus SD 32GB, Class 10 UHS-I"
Гейминг периферия,"
Team Group Color microSDHC 32GB
",10.68,TEAM-SDMICRO-32GB-UHS-OR,Карти памет,Карта памет Team Group 32GB Micro SDHC/SDXC UHS-I Orange Card + SD Adapter
Гейминг периферия,"
Team Group microSDHC UHS-I 32GB
",10.54,TEAM-SDMICRO-32GB-UHS-I,Карти памет,Карта памет Team Group 32GB Micro SDHC/SDXC UHS-I CARD + SD Adapter
Гейминг периферия,"
Team Group T181 16GB
",9.16,TEAM-USB-T181-16GB-BLUE-1,USB Памети,"USB памет Team Group T181, 16GB, USB 2.0, Синя"
Гейминг периферия,"
Kingston Canvas Select Plus microSDHC 32GB
",10.46,KIN-SDCS2-32GB,Карти памет,"Карта памет Kingston Canvas Select Plus microSDHC 32GB, Class 10 UHS-I"
Гейминг периферия,"
Team Group C171 16GB
",9.06,TEAM-USB-C171-16GB-WHITE,USB Памети,"USB памет Team Group C171 16GB USB 2.0, Бял"
Гейминг периферия,"
Team Group T181 8GB
",8.94,TEAM-USB-T181-8GB-BLUE-1,USB Памети,"USB памет Team Group T181, 8GB, USB 2.0, Синя"
Гейминг периферия,"
Team Group C155 16GB
",8.86,TEAM-USB-C155-16GB-GOLD,USB Памети,"USB памет Team Group C155 16GB USB 3.0, Златен"
Гейминг периферия,"
Hama ""Rotate"" 64GB
",8.82,HAMA-104302,USB Памети,"USB памет HAMA Rotate, 64GB, 10 MB/s, Черен"
Гейминг периферия,"
Team Group C141 16GB
",8.86,TEAM-USB-C141-16GB-BLUE,USB Памети,"USB памет Team Group C141 16GB, USB 2.0, Син"
Гейминг периферия,"
Hama ""Rotate"" 16GB
",8.51,HAMA-94175,USB Памети,"USB памет HAMA Rotate, 16GB, Черен"
Гейминг периферия,"
Maxell Speedboat 32GB
",8.4,ML-USB-E300-32GB,USB Памети,"USB памет Maxell Speedboat, USB 2.0, 32GB, ЧЕРЕН"
Гейминг периферия,"
Silicon Power Ultima U02 8GB
",8.22,SLP-USB-U02V1K-8GB,USB Памети,"USB памет SILICON POWER Ultima U02, 8GB, USB 2.0 Черен"
Гейминг периферия,"
Hama USB-Stick ""Laeta""
",8.24,HAMA-90983,USB Памети,"USB памет HAMA Laeta, 16GB, USB 2.0, 10 MB/s, Сив"
Гейминг периферия,"
Maxell microSDHC 32GB Class 10
",9.6,ML-SDMICRO-32GB-CLASS10,Карти памет,"Карта памет Maxell micro SDHC, 32GB, Class 10,"
Гейминг периферия,"
Maxell microSDHC 16GB Class 10
",9.0,ML-SDMICRO-16GB-CLASS10,Карти памет,"Карта памет Maxell micro SDHC, 16GB, Class 10,"
Гейминг периферия,"
Team Group Micro SDHC Class 10 CARD
",8.87,TEAM-SDMICRO-32GB-CLASS10,Карти памет,Карта памет Team Group 32GB Micro SDHC/SDXC Class 10 CARD + SD Adapter
Гейминг периферия,"
Team Group Micro SDHC Class 10 CARD 4GB
",8.6,TEAM-SDMICRO-4GB-CLASS10,Карти памет,"Карта памет TEAM micro SDHC, 4GB, Class 10, SD адаптер"
Гейминг периферия,"
Maxell microSDHC 8GB Class 10
",7.8,ML-SDMICRO-8GB-CLASS10,Карти памет,"Карта памет Maxell micro SDHC, 8GB, Class 10,"
Гейминг периферия,"
Team Group microSDHC 8GB Class 10
",8.22,TEAM-SDMICRO-8GB-CLASS10,Карти памет,"Карта памет TEAM micro SDHC, 8GB, Class 10 с SD адаптер"
Гейминг периферия,"
Maxell microSDHC 4GB Class 10
",7.44,ML-SDMICRO-4GB-CLASS10,Карти памет,"Карта памет Maxell micro SDHC, 4GB, Class 10,"
Гейминг периферия,"
Team Group microSDHC Class 10 16GB
",7.34,TEAM-SDMICRO-16GB-CLASS10,Карти памет,"Карта памет TEAM micro SDHC, 16GB, Class 10 с SD адаптер"
Гейминг периферия,"
Hama ""Smartly"" 16GB
",7.93,HAMA-94169,USB Памети,"USB памет HAMA Smartly, 16GB, Черен"
Гейминг периферия,"
Hama ""Fancy"" 16GB
",7.54,HAMA-90894,USB Памети,"USB памет HAMA ""Fancy"", 16GB, Черен/Сребрист"
Гейминг периферия,"
Hama ""Rotate"" 32GB
",7.43,HAMA-108029,USB Памети,"USB памет HAMA Rotate, 32GB, Черен"
Гейминг периферия,"
Team Group C151 8GB
",7.42,TEAM-USB-C151-8GB-RED,USB Памети,"USB памет Team Group C151, 8GB, USB 2.0, Червен"
Гейминг периферия,"
Maxell Speedboat 4GB
",7.37,ML-USB-E100-4GB,USB Памети,"USB памет MAXELL SPEEDBOAT, USB 2.0, 4GB, ЧЕРЕН"
Гейминг периферия,"
Maxell Speedboat 16GB
",7.2,ML-USB-E100-16GB,USB Памети,"USB памет MAXELL Speedboat, USB 2.0, 16GB, Черен"
Гейминг периферия,"
Gunnar Rush Kids 12+
",73.04,GUN-RUS-07609,Компютърни очила,"Детски компютърни очила GUNNAR Rush Kids 12+, Clear Natural, Кристал"
Гейминг периферия,"
Gunnar Cruz Kids Large
",68.95,GUN-CRU-10109,Компютърни очила,"Детски компютърни очила GUNNAR Cruz Kids Large, Clear Natural, Розов"
Гейминг периферия,"
Gunnar Rush Kids 12+
",73.04,GUN-RUS-00109,Компютърни очила,"Детски компютърни очила GUNNAR Rush Kids 12+, Clear Natural, Черен"
Гейминг периферия,"
Gunnar Cruz Kids Small
",68.95,GUN-CRU-09609,Компютърни очила,"Детски компютърни очила GUNNAR Cruz Kids Small, Clear Natural, Лилав"
Гейминг периферия,"
Gunnar Cruz Kids Small
",68.95,GUN-CRU-10001,Компютърни очила,"Детски компютърни очила GUNNAR Cruz Kids Small, Amber Natural, Сив"
Гейминг периферия,"
Gunnar Cruz Kids Large
",67.57,GUN-CRU-10101,Компютърни очила,"Детски компютърни очила GUNNAR Cruz Kids Large, Amber Natural, Розов"
Гейминг периферия,"
Gunnar Cruz Kids Small
",67.57,GUN-CRU-09601,Компютърни очила,"Детски компютърни очила GUNNAR Cruz Kids Small, Amber Natural, Лилав"
Гейминг периферия,"
Gunnar Cruz Kids Large
",67.57,GUN-CRU-07609,Компютърни очила,"Детски компютърни очила GUNNAR Cruz Kids Large, Clear Natural, Кристал"
Гейминг периферия,"
Gunnar Cruz Kids Small
",67.57,GUN-CRU-10009,Компютърни очила,"Детски компютърни очила GUNNAR Cruz Kids Small, Clear Natural, Сив"
Гейминг периферия,"
Gunnar Cruz Kids Small
",67.57,GUN-CRU-09809,Компютърни очила,"Детски компютърни очила GUNNAR Cruz Kids Small, Clear Natural, Тюркоаз"
Гейминг периферия,"
Gunnar Cruz Kids Large
",67.97,GUN-CRU-09709,Компютърни очила,"Детски компютърни очила GUNNAR Cruz Kids Large, Clear Natural, Син"
Гейминг периферия,"
Gunnar Cruz Kids Small
",67.57,GUN-CRU-09801,Компютърни очила,"Детски компютърни очила GUNNAR Cruz Kids Small, Amber Natural, Тюркоаз"
Гейминг периферия,"
Gunnar Rush Kids Large
",63.62,GUN-RUS-11309,Компютърни очила,"Детски компютърни очила GUNNAR Rush Kids Large, Clear Natural, Кристал"
Гейминг периферия,"
Gunnar Rush Kids Large
",63.6,GUN-RUS-11301,Компютърни очила,"Детски компютърни очила GUNNAR Rush Kids Large, Amber Natural, Кристал"
Гейминг периферия,"
Gunnar Rush Kids Large
",63.6,GUN-RUS-09709,Компютърни очила,"Детски компютърни очила GUNNAR Rush Kids Large, Clear Natural, Син"
Гейминг периферия,"
Gunnar Rush Kids Large
",63.6,GUN-RUS-11209,Компютърни очила,"Детски компютърни очила GUNNAR Rush Kids Large, Clear Natural, Черен"
Гейминг периферия,"
Gunnar Rush Kids Large
",63.6,GUN-RUS-11201,Компютърни очила,"Детски компютърни очила GUNNAR Rush Kids Large, Amber Natural, Черен"
Гейминг периферия,"
Gunner Rush Kids Small
",63.6,GUN-RUS-09609,Компютърни очила,"Детски компютърни очила GUNNAR Rush Kids Small, Clear Natural, Лилав"
Гейминг периферия,"
Gunnar Rush Kids Small
",63.6,GUN-RUS-09601,Компютърни очила,"Детски компютърни очила GUNNAR Rush Kids Small, Amber Natural, Лилав"
Гейминг периферия,"
Gunnar Rush Kids Small
",63.6,GUN-RUS-09801,Компютърни очила,"Детски компютърни очила GUNNAR Rush Kids Small, Amber Natural, Зелен"
Гейминг периферия,"
Gunnar Rush Kids Small
",63.6,GUN-RUS-09809,Компютърни очила,"Детски компютърни очила GUNNAR Rush Kids Small, Clear Natural, Зелен"
Гейминг периферия,"
Gunnar Rush Kids Small
",63.6,GUN-RUS-11101,Компютърни очила,"Детски компютърни очила GUNNAR Rush Kids Small, Amber Natural, Черен"
Гейминг периферия,"
Gunnar Rush Kids Large
",63.6,GUN-RUS-09701,Компютърни очила,"Детски компютърни очила GUNNAR Rush Kids Large, Amber Natural, Син"
Гейминг периферия,"
Gunnar Rush Kids Small
",63.6,GUN-RUS-11109,Компютърни очила,"Детски компютърни очила GUNNAR Rush Kids Small, Clear Natural, Черен"
Гейминг периферия,"
Gunnar Glasses Case
",24.0,GUN-CMP-00106,Компютърни очила,Калъф за очила Gunnar
Гейминг периферия,"
HUION H610PRO V2
",198.0,HUION-TAB-H610ProV2,Графични таблети,"Графичен таблет HUION H610PRO V2, USB, Черен"
Гейминг периферия,"
Huion LB3 LED Light Pad
",174.0,HUION-PAD-LB3,Графични таблети,"LED светеща подложка за рисуване HUION LED light pad LB3, вградена батерия 1050mAh"
Гейминг периферия,"
Wacom Intuos S
",156.0,WACOM-TAB-4100-N-T,Графични таблети,Графичен таблет Wacom Intuos S черен
Гейминг периферия,"
Huion LB4 LED Light Pad
",150.0,HUION-PAD-LB4,Графични таблети,"LED светеща подложка за рисуване HUION LED light pad LB4, вградена батерия 1050mAh"
Гейминг периферия,"
HUION Inspiroy H640P
",129.0,HUION-TAB-H640P,Графични таблети,"Графичен таблет HUION Inspiroy H640P, USB, Черен"
Гейминг периферия,"
One by Wacom Medium
",126.0,WACOM-TAB-ONE-M,Графични таблети,"Графичен таблет One by Wacom Medium, Черен"
Гейминг периферия,"
HUION Keydial KD100
",118.8,HUION-TAB-KD100,Графични таблети,Безжична мини клавиатура за графичен таблет HUION Keydial KD100
Гейминг периферия,"
Huion L4S LED Light Pad
",114.0,HUION-PAD-L4S,Графични таблети,"LED светеща подложка за рисуване HUION LED light pad L4SUSB, Черен"
Гейминг периферия,"
HUION Inspiroy H430P
",94.8,HUION-TAB-H430P,Графични таблети,"Графичен таблет HUION Inspiroy H430P, USB, Черен"
Гейминг периферия,"
One by Wacom Small
",84.0,WACOM-TAB-ONE-S,Графични таблети,"Графичен таблет One by Wacom Small, Черен"
Гейминг периферия,"
HUION Scribo PW310
",82.8,HUION-TAB-PEN-PW310,Графични таблети,Цифрова писалка за таблет HUION Scribo PW310
Гейминг периферия,"
HUION Pen Nibs PN05
",34.73,HUION-TAB-NIBS-PN05,Графични таблети,Резервни накрайници PN05 - 10 бр. за писалки HUION PW500/PW507
Гейминг периферия,"
HUION Artist glove GL200
",29.03,HUION-TAB-GLOVES,Графични таблети,Ръкавица за работа с графичен таблет HUION Artist glove GL200
Гейминг периферия,"
HUION Pen Nibs PN04
",27.23,HUION-TAB-NIBS-PN04,Графични таблети,Резервни накрайници PN04 - 10 бр. за писалки HUION PW100/PW201
Гейминг периферия,"
j5create JCH377 USB-C™ 7- Port HUB
",80.08,J5-JCH377,USB хъбове,"Хъб 7-портов J5 Create USB-C JCH377, USB 3.0, 1:7, Бял"
Гейминг периферия,"
j5create JUH377 USB 3.0 7-Port HUB
",71.16,J5-JUH377,USB хъбове,"Хъб 7-портов J5 Create JUH377 USB 3.0, 1:7,Черен"
Гейминг периферия,"
Hama USB-C Hub, Multiport, 4 Ports, 2 x USB-A, USB-C, LAN / Ethernet
",66.83,HAMA-200108,USB хъбове,"4-портов хъб USB-C HAMA, 2 x USB-A, USB-C, LAN/Ethernet, Сив"
Гейминг периферия,"
J5create JCH347
",57.8,J5-JCH347,USB хъбове,"Хъб 3-портов J5create JCH347, USB-C 3.1, USB-A 3.0, SD/Micro SD Card Reader"
Гейминг периферия,"
j5create JUH340
",53.38,J5-JUH340,USB хъбове,"Хъб 4-портов J5 Create JUH340 USB 3.0, 1:4,Черен"
Гейминг периферия,"
Hama USB-C Hub
",56.09,HAMA-200107,USB хъбове,"4-портов хъб USB-C HAMA Aluminium, USB 3.1 Gen1, 2 x USB-A, 1 x USB-C, 1х HDMI, Сребрист"
Гейминг периферия,"
Hama USB Hub 4 Ports USB 3.0
",50.51,HAMA-200115,USB хъбове,"USB хъб със захранване HAMA, USB 3.0, 1:4, 5Gbit/s"
Гейминг периферия,"
Hama USB-C Hub, Multiport, 5 Ports, 3 x USB-A, USB-C, HDMI
",49.06,HAMA-200117,USB хъбове,"5-портов хъб HAMA 200117, 3 x USB-A, 1 x USB-C, 1 x HDMI, 4К, Черен"
Гейминг периферия,"
Hama USB-C Hub
",35.0,HAMA-200112,USB хъбове,"USB хъб HAMA, USB-C 4-портов, USB 3.2 Gen 1, 5 Gbit/s, Черен"
Гейминг периферия,"
Hama USB 3.1 Type-C Hub 1:4 ""Aluminium""
",42.32,HAMA-135755,USB хъбове,"4-портов хъб USB-C HAMA Aluminium, USB 3.1, 2 x USB-A, 2 x USB-C, bus-powered, Сребрист"
Гейминг периферия,"
Hama USB Hub
",30.0,HAMA-200123,USB хъбове,"USB хъб със захранване HAMA, USB 2.0, 7-портов, 480 Mbit/s, Черен"
Гейминг периферия,"
Hama USB Hub
",27.94,HAMA-200116,USB хъбове,"USB хъб HAMA, USB-А 4-портов, USB 3.2 Gen 1, 5 Gbit/s, USB-C адаптер, Черен"
Гейминг периферия,"
Hama ""Mobil"" USB 3.0 Hub 1:2
",24.0,HAMA-54132,USB хъбове,"USB хъб HAMA ""Мобилен"", USB 3.0, 1:2, черен"
Гейминг периферия,"
Hama USB Hub 4 Ports USB 2.0
",24.0,HAMA-200122,USB хъбове,"USB хъб HAMA 4:1, Автономно захранване, USB 2.0, 480 Mbit/s, Черен"
Гейминг периферия,"
Hama USB Hub 4 Ports USB 2.0
",15.97,HAMA-200120,USB хъбове,"USB хъб HAMA, USB 2.0, 1:4, бял, 480Mbit/s"
Гейминг периферия,"
Hama USB Hub
",12.0,HAMA-200121,USB хъбове,"USB хъб HAMA, 4 портов, USB 2.0, 480 Mbit/s, Черен"
Гейминг периферия,"
Hama USB Hub 4 Ports USB 2.0
",15.97,HAMA-200119,USB хъбове,"USB хъб HAMA, USB 2.0, 1:4, черен, 480Mbit/s"
Гейминг периферия,"
Kingston FCR-HS4
",58.99,KIN-READ-FCR-HS4,Четци за карти,"Четец за карти Kingston FCR-HS4 USB 3.0, CompactFlash, SD, microSD, Memory Stick"
Гейминг периферия,"
SanDisk ImageMate PRO USB-C
",71.8,SD-SDDR-A631-GNGNN,Четци за карти,"Четец за карти SanDisk SDDR-A631-GNGNN, USB3.0, Черен"
Гейминг периферия,"
Kingston MobileLite Duo 3C Reader
",25.0,KIN-READ-FCR-ML3C,Четци за карти,"Четец за карти KINGSTON MobileLite Duo 3C, USB 3.1 + Type-C"
Гейминг периферия,"
Kingston MobileLite Plus SD Reader
",23.9,KIN-READ-MLP,Четци за карти,"Четец за карти Kingston MobileLite Plus SD, USB 3.2, SD/SDHC/SDXC"
Гейминг периферия,"
Kingston MobileLite Plus microSD Reader
",23.56,KIN-READ-MLPM,Четци за карти,"Четец за карти Kingston MobileLite Plus microSD, USB 3.2, microSD/microSDHC/microSDXC"
Гейминг периферия,"
Hama ""All in One"" USB Card Reader
",21.49,HAMA-200129,Четци за карти,"Четец за карти HAMA All in One, USB 2.0, SD/microSD/CF/MS, 480 Mbps, Сребрист"
Гейминг периферия,"
Hama USB OTG Hub / Card Reader
",20.08,HAMA-200125,Четци за карти,"Четец за карти HAMA USB OTG Hub, USB 2.0 Type-A, SD, microSD, USB-A адаптер"
Гейминг периферия,"
Estillo SimCard Reader
",16.8,EST-READER-SIM,Четци за карти,"Четец за Sim карти ESTILLO, USB 2.0"
Гейминг периферия,"
Hama USB 3.0 Multi Card Reader
",17.14,HAMA-124022,Четци за карти,"Четец за карти HAMA Multi, USB 3.0, SD/microSD/CF, 5 Gbps, Черен"
Гейминг периферия,"
SanDisk MicroMATE USB Card Reader USB 2.0
",15.85,SD-SDDR-121-E12M,Четци за карти,"Четец за карти SanDisk MicroMATE USB Card Reader USB 2.0, microSD"
Гейминг периферия,"
Hama ""8in1"" USB 2.0 Card Reader
",10.78,HAMA-91092,Четци за карти,"Четец за карти HAMA 91092, 8 в 1, USB 2.0, SD/microSD"
Гейминг периферия,"
Hama USB card reader
",9.05,HAMA-200132,Четци за карти,"Четец за карти HAMA, USB 2.0, SD/microSD, SD/SDHC/SDXC, Черен"
Гейминг хардуер,"
Estillo PCI-E to IEEE 1394 Firewire
",33.6,EST-PCI-ex-1394,Контролери,Контролер ESTILLO 1394AV 3+1 port 1394 FireWire PCI ex Host Adapter
Гейминг хардуер,"
Delock RGB Hub for ARGB LEDs
",45.79,DELOCK-64128,RGB аксесоари,"RGB хъб Delock 64128, 10 портов ARGB LEDs, Черен"
Гейминг хардуер,"
Hitachi GTC2N
",41.72,DVD-RW-HLDS-GTC2N,Оптични устройства,"Записващо устройство Hitachi GTC2N, за вграждане в лаптоп, SATA, Черен"
Гейминг хардуер,"
Portable USB 3.1 Gen1 (USB 3.0) M.2 SATA SSD Enclosure
",57.9,EWENT-RACK-EW7023,Вътрешни дискове,"Чекмедже за твърд диск Ewent EW7023, M.2 NVMe SSD, USB-C 3.1 Gen1, Черен"
Гейминг хардуер,"
Kingston A400 120GB
",57.89,KIN-SSD-SA400S37120G,Вътрешни дискове,Solid State Drive (SSD) KINGSTON A400
Гейминг хардуер,"
Ewent EW7072
",56.96,EWENT-RACK-EW7072,Вътрешни дискове,"Чекмедже за твърд диск Ewent EW7072, 2.5"", SATA, USB-C 3.2 Gen2 (USB 3.1), Черен"
Гейминг хардуер,"
Ewent EW7047
",55.32,EWENT-RACK-EW7047,Вътрешни дискове,"Чекмедже за твърд диск Ewent EW7047 3.5"", SATA / IDE, USB 2.0, Черен"
Гейминг хардуер,"
ACT 3.5"" SATA hard drive enclosure, screwless, USB 3.2 Gen1
",45.58,EWENT-ACT-RACK-AC1405,Вътрешни дискове,"Чекмедже за твърд диск ACT AC1405, 3.5"", SATA, USB 3.1 Gen1 (USB 3.0), Черен"
Гейминг хардуер,"
Ewent EW7051
",42.41,EWENT-RACK-EW7051,Вътрешни дискове,"Кутийка за твърд диск Ewent EW7051, 3.5"", SATA, USB 2.0, Черен"
Гейминг хардуер,"
GIGABYTE SSD 120GB
",47.95,GA-SSD-120GB,Вътрешни дискове,"Solid State Drive (SSD) Gigabyte 120, 7mm"
Гейминг хардуер,"
Team Group MS30 128GB
",42.92,TEAM-SSD-MS30-128GB,Вътрешни дискове,Solid State Drive (SSD) Team Group MS30
Гейминг хардуер,"
Team Group GX2 128GB
",41.89,TEAM-SSD-GX2-128GB,Вътрешни дискове,Solid State Drive (SSD) Team Group GX2
Гейминг хардуер,"
ACT USB-C 3.2 Gen2 2.5 inch HDD/SSD Enclosure
",27.32,EWENT-ACT-RACK-AC1215,Вътрешни дискове,"Чекмедже за твърд диск ACT AC1215, 2.5"", USB 3.0, Черен"
Гейминг хардуер,"
Thermal Grizzly M.2 SSD Cooler
",27.13,TG-ZUWA-164,Вътрешни дискове,Thermal Grizzly M.2 SSD пасивен охладител
Гейминг хардуер,"
Corsair Dual SSD Mounting Bracket White
",16.7,CRS-ACC-CSSD-BRKT2W,Вътрешни дискове,"Скоби за монтиране Corsair HDD/SSD Mounting Kit - Dual 2.5"" to 3.5"", White"
Гейминг хардуер,"
Hama ""EVA"" HDD Case
",15.6,HAMA-84113,Вътрешни дискове,"Калъф за твърд диск HAMA EVA 84113, 2.5"", Черен"
Гейминг хардуер,"
Hama Mounting Frame 2.5"" on 3.5""
",12.78,HAMA-39830,Вътрешни дискове,"Монтажна рамка HAMA 39830, за монтаж на 2.5 "" в гнездо 3.5"", за SSD твърди дискове"
Гейминг хардуер,"
Silicon Power Armor A30
",24.0,SLP-HDD-CASE-A30,Вътрешни дискове,"Удароустойчивa кутийка за 2.5"" диск Silicon Power Armor A30 USB 3.1"
Гейминг хардуер,"
Hama ""Black Bird"" HDD Case
",11.96,HAMA-84127,Вътрешни дискове,"Калъф за твърд диск HAMA Black Bird 84127, 2.5"", Черен"
Гейминг хардуер,"
Silicon Power A55 128GB
",40.36,SLP-SSD-A55-128GB,Вътрешни дискове,Solid State Drive (SSD) SILICON POWER A55
Гейминг хардуер,"
Estillo SSD Bracket
",7.2,SSD-BRACKET,Вътрешни дискове,"Скоби за монтиране на SSD ESTILLO, 2.5"", 3.5"""
Гейминг хардуер,"
Hama Hard Disk Case 2.5"" Neoprene
",9.0,HAMA-95505,Вътрешни дискове,"Калъф за твърд диск HAMA Neoprene 95505, 2.5"", Черен, неопренов"
Гейминг хардуер,"
Thermaltake TtMod Sleeve Cable
",97.91,THER-AC-035-CN1NAN,Захранвания,Комплект оплетени кабели Thermaltake TtMod Black/Blue
Гейминг хардуер,"
Thermaltake TtMod Sleeve Cable
",97.91,THER-AC-033-CN1NAN,Захранвания,Комплект оплетени кабели Thermaltake TtMod Black/Red
Гейминг хардуер,"
Thermaltake TtMod Sleeve Cable
",97.91,THER-AC-034-CN1NAN,Захранвания,Комплект оплетени кабели Thermaltake TtMod Black/Green
Гейминг хардуер,"
Gigabyte P450B 450W
",92.3,GA-PS-P450B,Захранвания,"Захранващ блок Gigabyte P450B, 450W, 80+, Bronze"
Гейминг хардуер,"
FSP Group FFSP180-50FEB
",91.07,FORT-PS-FSP180-50FEB,Захранвания,"Захранващ блок FSP Group FFSP180-50FEB, 180W, Flex ATX"
Гейминг хардуер,"
Kolink Core 600W
",88.12,KOLINK-PS-600-C,Захранвания,Захранващ блок Kolink Core 600W 80 PLUS
Гейминг хардуер,"
Ewent EW3908 600W
",84.35,EWENT-PS-EW3908,Захранвания,Захранващ блок Ewent EW3908
Гейминг хардуер,"
FSP Group FSP450-51ACC
",86.94,FORT-PS-FSP450-51ACC,Захранвания,"Захранващ блок FSP Group FSP450-51ACC, 450W, A-PFC, 120mm"
Гейминг хардуер,"
FSP Group FSP350-51AAC
",79.82,FORT-PS-FSP350-51AAC,Захранвания,"Захранващ блок FSP Group FSP350-51AAC, 350W, 85+. A-PFC, 120mm"
Гейминг хардуер,"
Phanteks Extension Cables Combo
",65.0,PHANTEKS-ACC-ZUAD-753,Захранвания,"Комплект оплетени кабели PHANTEKS, Red"
Гейминг хардуер,"
Phanteks Extension Cables Combo
",65.0,PHANTEKS-ACC-ZUAD-756,Захранвания,"Комплект оплетени кабели PHANTEKS, Blue"
Гейминг хардуер,"
Ewent EW3907 500W
",60.43,EWENT-PS-EW3907,Захранвания,Захранващ блок Ewent EW3907
Гейминг хардуер,"
Spire Pearl 600
",55.76,SP-ATX-600Z-PPFC,Захранвания,Захранващ блок SPIRE PEARL 600
Гейминг хардуер,"
Phanteks Extension Cables Combo
",65.0,PHANTEKS-ACC-ZUAD-754,Захранвания,"Комплект оплетени кабели PHANTEKS, White"
Гейминг хардуер,"
Silicon Power Armor A30
",157.9,SLP-HDD-A30-2TB-W,Външни дискове,Външен хард диск SILICON POWER Armor A30
Гейминг хардуер,"
Silicon Power Armor A66 2TB
",149.59,SLP-HDD-A66-2TB-BL,Външни дискове,"Външен хард диск SILICON POWER Armor A66 , 2.5"", 2TB, USB3.2 Gen 1 Удароустойчив"
Гейминг хардуер,"
Silicon Power Armor A60
",149.59,SLP-HDD-A60-2TB,Външни дискове,Външен хард диск SILICON POWER Armor A60
Гейминг хардуер,"
Western Digital Elements Portable 2TB
",145.63,WD-HDD-ELM2-2TB,Външни дискове,"Външен хард диск Western Digital Elements Portable, 2TB, 2.5"", USB 3.0, Черен"
Гейминг хардуер,"
Seagate Basic 2TB
",141.91,SEAG-HDD-STJL2000400-2TB,Външни дискове,"Външен хард диск Seagate Basic, 2.5"", 1TB, USB3.0, STJL2000400"
Гейминг хардуер,"
Toshiba Canvio Basics
",140.18,TOSH-HDD-CB-2TB-1,Външни дискове,Външен хард диск Toshiba Canvio Basics
Гейминг хардуер,"
Team Group PD400 SSD
",139.45,TEAM-SSD-PD400-480GB,Външни дискове,"Външен Solid State Drive (SSD) Team Group PD400 480GB, USB 3.1 Type-C"
Гейминг хардуер,"
Western Digital My Passport 1TB
",125.68,WD-HDD-PASSPORT-1TB,Външни дискове,"Външен хард диск Western Digital My Passport 1TB 2.5"" HDD Black USB 3.2"
Гейминг хардуер,"
Slicon Power Armor A80
",123.68,SLP-HDD-A80-1TB-BLUE,Външни дискове,Външен хард диск SILICON POWER Armor A80
Гейминг хардуер,"
Intenso Memory Case 2TB
",122.71,INTENSO-HDD-2TB-EX-BK,Външни дискове,"Външен хард диск Intenso, 2.5"", 2TB, USB3.0"
Гейминг хардуер,"
Silicon Power Armor A60
",119.68,SLP-HDD-A60-1TB-USB32,Външни дискове,"Външен хард диск SILICON POWER Armor A60 , 2.5"", 1TB, USB3.2 Gen 1 Удароустойчив"
Гейминг хардуер,"
Silicon Power Armor A80
",122.45,SLP-HDD-A80-1TB,Външни дискове,Външен хард диск SILICON POWER Armor A80
Гейминг хардуер,"
Silicon Power Diamond D30
",116.35,SLP-HDD-D30-1TB,Външни дискове,Външен хард диск SILICON POWER Diamond D30
Гейминг хардуер,"
Silicon Power Armor A30
",116.35,SLP-HDD-A30-1TB-W,Външни дискове,Външен хард диск SILICON POWER Armor A30
Гейминг хардуер,"
Silicon Power Armor A60
",114.55,SLP-HDD-A60-1TB,Външни дискове,Външен хард диск SILICON POWER Armor A60
Гейминг хардуер,"
Western Digital Elements Portable 1TB
",108.5,WD-HDD-ELEMENT-1Tb,Външни дискове,"Външен хард диск Western Digital Elements Portable, 1TB, 2.5"", USB 3.0, Черен"
Гейминг хардуер,"
Silicon Power Armor A66 1TB
",108.04,SLP-HDD-A66-1TB-BK,Външни дискове,"Външен хард диск SILICON POWER Armor A66 , 2.5"", 1TB, USB3.2 Gen 1 Удароустойчив"
Гейминг хардуер,"
Silicon Power Armor A66 1TB
",108.04,SLP-HDD-A66-1TB-BL,Външни дискове,"Външен хард диск SILICON POWER Armor A66 , 2.5"", 1TB, USB3.2 Gen 1 Удароустойчив"
Гейминг хардуер,"
Seagate Basic 1TB
",105.71,SEAG-HDD-STJL1000400-1TB,Външни дискове,"Външен хард диск Seagate Basic, 2.5"", 1TB, USB3.0, STJL1000400"
Гейминг хардуер,"
Silicon Power Armor A30
",103.9,SLP-HDD-A30-1TB-B,Външни дискове,Външен хард диск SILICON POWER Armor A30
Гейминг хардуер,"
Toshiba Canvio Basics
",94.88,TOSH-HDD-CB-1TB,Външни дискове,"Външен хард диск Toshiba Canvio Basics, 2.5"""
Гейминг хардуер,"
Intenso Memory Case 320GB
",53.83,INTENSO-HDD-320GB-EX-BK,Външни дискове,"Външен хард диск Intenso, 2.5"", 320GB, USB3.0"
Гейминг хардуер,"
Thermaltake S100 TG
",118.99,THER-CASE-1Q9-00S1WN,Компютърни кутии,"Кутия THERMALTAKE S100 TG, Micro Tower, Черна CA-1Q9-00S1WN-00"
Гейминг хардуер,"
Kolink Nimbus
",109.0,KOLINK-CASE-GEKL-048,Компютърни кутии,Кутия за компютър Kolink Nimbus
Гейминг хардуер,"
Kolink Inspire К7 АRGB
",105.0,KOLINK-CASE-GEKL-079,Компютърни кутии,"Кутия Kolink Inspire К7 АRGB TG, Mid-tower"
Гейминг хардуер,"
Kolink Inspire K5
",99.0,KOLINK-CASE-GEKL-050,Компютърни кутии,Кутия Kolink Inspire K5 RGB TG
Гейминг хардуер,"
Kolink Inspire К9
",99.0,KOLINK-CASE-GEKL-088,Компютърни кутии,"Кутия Kolink Inspire К9 АRGB TG, Mid-tower"
Гейминг хардуер,"
Thermaltake Versa H17
",85.0,THER-CASE-1J1-00S1NN00,Компютърни кутии,"Кутия THERMALTAKE Versa H17 Black, Micro Tower, Черна CA-1J1-00S1NN-00"
Гейминг хардуер,"
Spire Tricer 1423
",83.68,SP-CASE-SPFR1423B-420W,Компютърни кутии,"Кутия Spire Tricer 1423 с 420W захранване, UBS 3.0, mATX"
Гейминг хардуер,"
LG GP60NW60
",62.98,DVD-RW-LG-GP60NW60,Оптични устройства,"Външно DVD записващо устройство LG GP60NW60, USB 2.0, бяло"
Гейминг хардуер,"
LG GP57EW40
",62.98,DVD-RW-LG-GP57EW40,Оптични устройства,Външно записващо устройство LG GP57EW40
Гейминг хардуер,"
ASUS SDRW-08D2S-U LITE
",65.0,DVD-RW-ASUS-08D2S-U-BLK-G,Оптични устройства,Външно записващо устройство ASUS SDRW-08D2S-U LITE
Гейминг хардуер,"
LITE-ON EBAU108-21
",50.4,DVD-RW-LITE-ON-EBAU108-21,Оптични устройства,Записващо устройство LITE-ON EBAU108-21
Гейминг хардуер,"
LG GH24NSD5
",30.0,DVD-RW-LG-GH24NSD5,Оптични устройства,"Записващо устройство LG GH24NSD5, DVD-RW, за вграждане в компютър, SATA, черен"
Гейминг хардуер,"
LITE-ON iHAS124
",34.8,DVD-RW-LITE-ON-SATA,Оптични устройства,Записващо устройство LITE-ON iHAS124
Гейминг хардуер,"
ASUS DRW-24D5MT
",33.0,DVD-RW-ASUS-DRW-24D5MT,Оптични устройства,"Записващо устройство ASUS DRW-24D5MT, за вграждане"
Гейминг хардуер,"
Cooler Master Hyper TX3 EVO
",52.0,CM-FAN-RR-TX3E-22PK-R1,Охладители,Охладител за процесор Cooler Master Hyper TX3 EVO
Гейминг хардуер,"
Jonsbo CR-1400
",42.0,JONSBO-CPJB-007,Охладители,"Охладител за процесор Jonsbo CR-1400 ARGB, AMD/INTEL"
Гейминг хардуер,"
Arctic Alpine 17 CO
",27.86,ARCTIC-FAN-ACALP00041A,Охладители,"Охладител за процесор Arctic Alpine 17 CO, 1700"
Гейминг хардуер,"
Arctic Alpine 17
",23.4,ARCTIC-FAN-ACALP00040A,Охладители,"Охладител за процесор Arctic Alpine 17, 1700"
Гейминг хардуер,"
Arctic Alpine 23 CO
",19.8,ARCTIC-FAN-ACALP00036A,Охладители,"Охладител за процесор Arctic Alpine 23 CO, AM4"
Гейминг хардуер,"
Arctic Alpine 12
",19.2,ARCTIC-FAN-ACALP00027A,Охладители,Охладител за процесор Arctic Alpine 12
Гейминг хардуер,"
Arctic Alpine 23
",18.0,ARCTIC-FAN-ACALP00035A,Охладители,"Охладител за процесор Arctic Alpine 23, AM4"
Гейминг хардуер,"
Arctic Alpine 12 CO
",19.2,ARCTIC-FAN-ACALP00031A,Охладители,"Охладител за процесор Arctic Alpine 12 CO, 1156/1155/1151/1150/1200"
Гейминг хардуер,"
Noctua Mounting KIT LGA1700
",17.2,NOCTUA-KIT-NM-i17-MP83-CH,Охладители,"Noctua Mounting KIT LGA1700 - NM-i17xx-MP83-chromax.black, Air Tower Coolers - NH-D15 chromax.black, NH-D15S chromax.black"
Гейминг хардуер,"
Noctua Mounting KIT LGA1700
",17.2,NOCTUA-KIT-NM-i17-MP78-CH,Охладители,"Noctua Mounting KIT LGA1700 - NM-i17xx-MP78-chromax.black, Air Tower Coolers - NH-U9S chromax.black, NH-U12S chromax.black"
Гейминг хардуер,"
Noctua Mounting KIT LGA1700
",15.61,NOCTUA-KIT-NM-i17xx-MP83,Охладители,"Noctua Mounting KIT LGA1700 - NM-i17xx-MP83, Air Tower Coolers - NH-D15S, NH-D15, NH-C14S, NH-D9L, NH-L9x65"
Гейминг хардуер,"
Spire Minato
",14.4,SP-FAN-SP530S0,Охладители,"Охладител за процесор SPIRE MINATO , INTEL"
Гейминг хардуер,"
Noctua Mounting KIT LGA1700
",15.61,NOCTUA-KIT-NM-i17xx-MP78,Охладители,"Noctua Mounting KIT LGA1700 - NM-i17xx-MP78, Air Tower Coolers - NH-U9S, NH-U12S redux, NH-U12S, NH-U12A, NH-U14S, NH-L12S"
Гейминг хардуер,"
Thermaltake Intel LGA1700 Upgrade Kit за Air Cooler UX210
",12.0,THER-ACC-O028-ST00BL,Охладители,Брекет Thermaltake Intel LGA1700 Upgrade Kit за Air Cooler UX210
Гейминг хардуер,"
NZXT Kraken X & Z Intel LGA1700 Upgrade Kit
",12.0,NZXT-ACC-KZXSAB0,Охладители,Брекет за охладител за процесор NZXT Kraken X & Z Intel LGA1700 Upgrade Kit
Гейминг хардуер,"
Thermaltake Intel LGA1700 Upgrade Kit за AiO LC - TH Series
",12.0,THER-ACC-O033-ST00BL,Охладители,Брекет Thermaltake Intel LGA1700 Upgrade Kit за AiO LC - TH Series
Гейминг хардуер,"
Corsair LGA1700 Retrofit Kit
",10.0,CRS-ACC-CW-8960091,Охладители,Corsair Hydro Elite Capellix LGA1700 Retrofit Kit
Гейминг хардуер,"
Arctic LGA1700 Mounting Kit - Liquid Freezer II Series
",9.41,ARCTIC-FAN-MPSAS00891A,Охладители,Брекет за охладител за процесор Arctic Liquid Freezer II Intel LGA1700 Upgrade Kit
Гейминг хардуер,"
Cooler Master Intel LGA 1700 Upgrade Kit
",6.0,CM-KIT-603005440-GP,Охладители,"Cooler Master Intel LGA 1700 Бракет, Въздушни Охладители - Hyper 212 EVO V2, MA612 Stealth/ARGB"
Гейминг хардуер,"
Cooler Master Intel LGA 1700 Upgrade Kit
",6.0,CM-KIT-603005870-GP,Охладители,"Cooler Master Intel LGA 1700 Бракет, Водни/AIO Охладители"
Гейминг хардуер,"
Arctic LGA1700 Mounting Kit - Freezer 34 (black)
",6.0,ARCTIC-FAN-MPSAS00892A,Охладители,Брекет за охладител за процесор Arctic Freezer 34 Intel LGA1700 Upgrade Kit
Гейминг хардуер,"
Arctic P14 PWM PST
",17.9,ARCTIC-FAN-ACFAN00197A,Вентилатори,Вентилатор ARCTIC P14 PWM PST White/White
Гейминг хардуер,"
Arctic P14 PWM PST
",17.53,ARCTIC-FAN-ACFAN00221A,Вентилатори,Вентилатор ARCTIC P14 PWM PST White/Transparent
Гейминг хардуер,"
Arctic F12 PWM PST
",16.43,ARCTIC-FAN-ACFAN00198A,Вентилатори,"Вентилатор ARCTIC F12 PWM PST, Бял"
Гейминг хардуер,"
Kolink 1-4 Fan PWM Splitter Cable
",15.88,KOLINK-AC-ZUAD-1172,Вентилатори,Кабел Kolink Y-Splitter 4 Pin за 4 броя вентилатори PGW-AC-KOL-049
Гейминг хардуер,"
Arctic P14 PWM
",15.32,ARCTIC-FAN-ACFAN00223A,Вентилатори,Вентилатор ARCTIC P14 PWM White/Transparent
Гейминг хардуер,"
ARCTIC P12 PWM PST
",14.93,ARCTIC-FAN-ACFAN00120A,Вентилатори,Вентилатор ARCTIC P12 PWM PST
Гейминг хардуер,"
Arctic F14
",13.68,ARCTIC-FAN-ACFAN00216A,Вентилатори,"Вентилатор ARCTIC F14, черен"
Гейминг хардуер,"
ARCTIC F9 PWM PST
",13.8,ARCTIC-FAN-ACFAN00200A,Вентилатори,Вентилатор ARCTIC F9 PWM PST
Гейминг хардуер,"
Arctic Case Fan Hub
",14.4,ARCTIC-AC-ACFAN00175A,Вентилатори,Контролер за вентилатори ARCTIC Case Fan PWM Hub 1 to 10 Port
Гейминг хардуер,"
Arctic F12 PWM
",13.48,ARCTIC-FAN-ACFAN00203A,Вентилатори,Вентилатор ARCTIC F12 PWM
Гейминг хардуер,"
Jonsbo FR-925 ARGB
",15.36,JONSBO-LUJB-003,Вентилатори,Вентилатор Jonsbo FR-925 PWM 92 ARGB
Гейминг хардуер,"
Spire Air Force Black
",10.8,SP-FAN-FD12025N7L3-1,Вентилатори,"Вентилатор SPIRE Air Force, 120 mm, Nano Bearing"
Гейминг хардуер,"
ARCTIC P8 PWM PST
",13.0,ARCTIC-FAN-ACFAN00150A,Вентилатори,"Вентилатор ARCTIC P8 PWM PST, Черен"
Гейминг хардуер,"
Spire Black Force II
",10.8,SP-FAN-FD12025N7M3,Вентилатори,"Вентилатор SPIRE Black Force II, 120 mm, Nano Bearing"
Гейминг хардуер,"
Spire Orion 60x10
",8.28,SP-FAN-FD06010S,Вентилатори,"Вентилатор SPIRE 60x60x10 mm, Sleeve"
Гейминг хардуер,"
Spire X2 Air Force 120
",10.8,SP-FAN-FD12025N7L3,Вентилатори,"Вентилатор SPIRE X2 Air Force, 120 mm, Nano Bearing"
Гейминг хардуер,"
Spire BlueStar 120 LED PWM
",10.8,SP-FAN-FD12025S1L4-B-PWM,Вентилатори,"Вентилатор SPIRE BlueStar, Blue LED, 120 mm, Sleeve"
Гейминг хардуер,"
ARCTIC F9 PWM PST
",10.8,ARCTIC-FAN-ACFAN00214A,Вентилатори,Вентилатор ARCTIC F9 PWM PST Black
Гейминг хардуер,"
Arctic F9
",9.62,ARCTIC-FAN-ACFAN00212A,Вентилатори,Вентилатор ARCTIC F9
Гейминг хардуер,"
ARCTIC F8 PWM PST
",10.2,ARCTIC-FAN-ACFAN00204A,Вентилатори,Вентилатор ARCTIC F8 PWM PST
Гейминг хардуер,"
Spire Orion
",8.28,SP-FAN-FD07015S,Вентилатори,Вентилатор Spire Orion
Гейминг хардуер,"
Spire Orion
",7.2,SP-FAN-FD05010S,Вентилатори,Вентилатор Spire Orion
Гейминг хардуер,"
Spire Orion
",6.5,SP-FAN-FD04010S,Вентилатори,Вентилатор Spire Orion
Гейминг хардуер,"
Spire Orion
",6.0,SP-FAN-FD09025S,Вентилатори,Вентилатор Spire Orion
Гейминг хардуер,"
Spire Orion
",5.94,SP-FAN-FD04020S,Вентилатори,Вентилатор SPIRE Orion
Гейминг хардуер,"
Spire Orion 80x25
",5.4,SP-FAN-FD08025S1L3,Вентилатори,"Вентилатор SPIRE 80x80x25 mm, 3 pin, Sleeve"
Гейминг хардуер,"
Lamptron SP901 A-RGB
",39.53,LAMP-FARGB,RGB аксесоари,"Хъб за вентилатори Lamptron SP901 A-RGB, Hub, 10x 4-pin/3pin"
Гейминг хардуер,"
NZXT HUE 2 LED Strips
",35.4,NZXT-AH-2S825-D1,RGB аксесоари,RGB лента NZXT HUE 2 LED Strips (2x 250mm)
Гейминг хардуер,"
NZXT Sleeved LED Kit White
",30.0,NZXT-CB-LED20-WT,RGB аксесоари,Led лента NZXT Sleeved LED Kit 2m White CB-LED20-WT
Гейминг хардуер,"
NZXT Sleeved LED Kit Blue
",30.0,NZXT-CB-LED20-BU,RGB аксесоари,Led лента NZXT Sleeved LED Kit 2m Blue CB-LED20-BU
Гейминг хардуер,"
Arctic A-RGB Controller
",28.8,ARCTIC-AC-ACFAN00180A,RGB аксесоари,Контролер за вентилатори ARCTIC A-RGB Controller
Гейминг хардуер,"
NZXT Sleeved LED Kit Red
",30.0,NZXT-CB-LED20-RD,RGB аксесоари,Led лента NZXT Sleeved LED Kit 2m Red CB-LED20-RD
Гейминг хардуер,"
Kolink Inspire L1 ARGB LED Strip - 40cm
",31.91,KOLINK-AC-MOLS-212,RGB аксесоари,RGB лента Kolink Inspire L1 ARGB LED Strip (400mm)
Гейминг хардуер,"
NZXT HUE 2 LED Strip
",25.84,NZXT-AH-2SA30-D1,RGB аксесоари,Лента NZXT HUE 2 LED Strip Accessory (2 x 300mm/ 10LED)
Гейминг хардуер,"
NZXT HUE 2 Cable Comb
",25.12,NZXT-AH-2PCCA-01,RGB аксесоари,RGB лента NZXT HUE 2 Cable Comb
Гейминг хардуер,"
NZXT HUE 2 LED Strips
",25.12,NZXT-AH-2S620-D1,RGB аксесоари,RGB лента NZXT HUE 2 LED Strips (2x 200mm)
Гейминг хардуер,"
Cooler Master Wired RGB Controller C10L
",25.0,CM-FAN-RE-C10L-RGB-R1,RGB аксесоари,RGB Контролер Cooler Master Wired RGB Controller C10L
Гейминг хардуер,"
Cooler Master A-RGB LED Small Controller
",39.0,CM-FAN-MFX-ACBN-NNUNN-R1,RGB аксесоари,Контролер за Вентилатори Cooler Master Small Addressable RGB
Гейминг хардуер,"
Cooler Master ARGB 1-to-5 Splitter cable
",25.0,CM-FAN-MFX-AWHN-1NNN5-R1,RGB аксесоари,Сплитер Cooler Master 1-to-5 Addressable RGB MFX-AWHN-1NNN5-R1
Гейминг хардуер,"
NZXT Sleeved LED Kit 1m White
",25.0,NZXT-CB-LED10-WT,RGB аксесоари,Led лента NZXT Sleeved LED Kit 1m White CB-LED10-WT
Гейминг хардуер,"
Cooler Master 1-TO-3 RGB SPLITTER
",23.0,CM-FAN-R4-ACCY-RGBS-R2,RGB аксесоари,"Cooler Master R4-ACCY-RGBS-R2, 1 към 3 RGB сплитер"
Гейминг хардуер,"
Kolink Inspire L1 ARGB Controller
",20.05,KOLINK-AC-ZUSA-268,RGB аксесоари,Контролер Kolink Inspire L1 за ARGB аксесоари
Гейминг хардуер,"
Cooler Master A-RGB 1-to-3 Splitter Cable
",22.0,CM-FAN-MFX-AWHN-3NNN1-R1,RGB аксесоари,"Сплитер Cooler Master 1-to-3 Addressable, RGB"
Гейминг хардуер,"
Hama USB LED Light Strip with Integrated Control Unit
",15.0,HAMA-12344,RGB аксесоари,"Лента с вграден контрол HAMA LED RGB, 1м, USB"
Гейминг хардуер,"
Kolink ARGB 1-2 Splitter Cable - 30cm
",11.45,KOLINK-AC-MOLS-217,RGB аксесоари,Кабел Kolink Y-Splitter 3 Pin за 2x ARGB устройства PGW-AC-KOL-043
Гейминг хардуер,"
Phanteks 3-pin Digital RGB Motherboard Adapter Cable
",8.94,PHANTEKS-ACC-ZUAD-1107,RGB аксесоари,Phanteks 3-pin DRGB адаптер към 3-pin ARGB
Гейминг хардуер,"
Creative Sound Blaster Audigy Fx
",190.32,CREAT-SND-AUD-FX,Звукови карти,Звукова карта Creative Sound Blaster Audigy Fx
Гейминг хардуер,"
Creative SoundBlaster Z SE
",187.74,CREAT-SND-Z-SE,Звукови карти,"Звукова карта Creative SoundBlaster Z SE, PCI-E, 5.1"
Гейминг хардуер,"
Phanteks RGB LED Adapter
",7.86,PHANTEKS-ACC-ZUAD-739,RGB аксесоари,Phanteks RGB LED адаптер 4 Pin
Гейминг хардуер,"
Creative Sound BlasterX G1
",56.54,CREAT-SND-Z-G1,Звукови карти,"Външна звукова карта Creative Sound BlasterX G1, 7.1 HD, USB, 3.5 mm жак"
Гейминг хардуер,"
Estillo USB 7.1
",40.8,EST-SND-7.1USB,Звукови карти,"Звукова карта ESTILLO, USB, 7.1"
Гейминг хардуер,"
Creative Sound Blaster PLAY! 3
",36.83,CREAT-SND-PLAY3-USB,Звукови карти,Звукова карта Creative Sound Blaster PLAY! 3
Гейминг хардуер,"
Estillo USB 5.1
",55.37,EST-SND-5.1USB,Звукови карти,"Звукова карта ESTILLO, USB, 5.1"
Гейминг хардуер,"
Estillo C-Media 8738
",35.35,EST-SND-CMEDIA-6CHA-PCIex,Звукови карти,Звукова карта ESTILLO C-Media 8738
Гейминг хардуер,"
Estillo C-Media 8738
",18.0,EST-SND-CMEDIA-4CHA,Звукови карти,"Звукова карта ESTILLO C-Media 8738, PCI, 4"
Гейминг хардуер,"
HAMA 7.1 Surround
",24.77,HAMA-51620,Звукови карти,Звукова карта HAMA 7.1 Surround
Гейминг хардуер,"
Hama 2.0 Stereo
",17.02,HAMA-51660,Звукови карти,"Звукова карта HAMA 2.0 Stereo, USB 2.0, черен"
Гейминг хардуер,"
Estillo USB 7.1 Mini
",16.8,EST-SND-7.1USB-Mini,Звукови карти,"Звукова карта ESTILLO Mini, USB, 7.1"
Гейминг хардуер,"
Ewent USB Audio Adapter
",13.61,EWENT-SND-EW3751,Звукови карти,"Звукова карта Ewent EW3751, 5.1, USB 2.0, черен"
Гейминг хардуер,"
AVerMedia LIVE Streamer CAP 4K
",198.83,AVER-LS-BU113,Кепчър карти,"Външен кепчър AVerMedia LIVE Streamer CAP 4K, USB-C"
Гейминг хардуер,"
j5create JVA02 Live Capture Adapter HDMI™ to USB-C
",173.14,J5-JVA02,Кепчър карти,"Кепчер адаптер j5create JVA02, HDMI към USB-C, Тype-C с PD(Power delivery)"
Гейминг хардуер,"
AVerMedia DVD EZMaker 7
",129.02,AVER-TV-DVD-EZMAKER-USB,Кепчър карти,"Външен кепчър AVerMedia DVD EZMaker 7, C039"
Гейминг хардуер,"
SoftMaker Office Proffesional 2021
",93.6,SOFT-SM-OFFICE-PRO-2021,Софтуер,Софтуерен офис пакет SoftMaker Office Proffesional 2021 for Windows
Гейминг хардуер,"
Kaspersky Essential
",34.99,SOFT-KAS-ANTIVIR-OEM,Софтуер,Антувирусен софтуер Kaspersky Essential 1 PC лиценз 1 година стикер
Гейминг хардуер,"
EDIMAX EW-7811UTC
",32.94,EDIM-EW-7811UTC,Мрежово оборудване,"Нано адаптер EDIMAX EW-7811UTC, Realtek"
Гейминг хардуер,"
TP-Link TL-WR840N
",32.4,TP-TL-WR840N,Мрежово оборудване,Безжичен рутер TP-LINK TL-WR840N
Гейминг хардуер,"
TP-Link TL-WR820N
",30.0,TP-TL-WR820N,Мрежово оборудване,"Безжичен рутер TP-LINK TL-WR820N 300Mbps, 5dB антени"
Гейминг хардуер,"
TP-Link UE306
",29.0,TP-TL-UE306,Мрежово оборудване,"Мрежова карта Tp-Link UE306, USB 3.0, LAN, 10/100/1000"
Гейминг хардуер,"
EDIMAX EW-7612PIN
",27.12,EDIM-EW-7612PIN,Мрежово оборудване,"Безжичен PCI Express адаптер EDIMAX EW-7612PIN, Realtek"
Гейминг хардуер,"
EDIMAX EW-7722UTN v2
",28.8,EDIM-EW-7722UTN-V2,Мрежово оборудване,"Безжичен мини адаптер EDIMAX EW-7722UTN V2, Realtek"
Гейминг хардуер,"
EDIMAX EU-4208
",25.39,EDIM-EU-4208,Мрежово оборудване,Мрежова карта EDIMAX EU-4208
Гейминг хардуер,"
EDIMAX EN-9260TX-E
",26.24,EDIM-EN-9260TX-E,Мрежово оборудване,"Мрежова карта EDIMAX EN-9260TX-E, low profile"
Гейминг хардуер,"
ASUS USB-N10 NANO B1
",27.0,ASUS-USB-N10-NANO-B1,Мрежово оборудване,"Wireless USB Nano Адаптер ASUS USB-N10 Nano B1, 802.11n 150 Mbps, USB 2.0"
Гейминг хардуер,"
Estillo USB-LAN Gigabit
",25.55,EST-USB-10-100-1000LAN,Мрежово оборудване,Мрежова карта ESTILLO USB 2.0 - LAN 10/100/1000
Гейминг хардуер,"
Estillo 10/100 Mbps USB-C 2.0 to RJ45
",25.24,EST-USBC-10-100LAN,Мрежово оборудване,"Мрежови адаптер Estillo 10/100 Mbps, USB-C 2.0 към RJ45, Бял"
Гейминг хардуер,"
EDIMAX EW-7722UTN V3
",23.99,EDIM-EW-7722UTN-V3,Мрежово оборудване,"Безжичен мини адаптер EDIMAX EW-7722UTN V3, USB, Realtek, 2.4Ghz, 802.11n/g/b"
Гейминг хардуер,"
Hama Bluetooth USB Adapter
",24.05,HAMA-53188,Мрежово оборудване,"Адаптер Bluetooth USB HAMA 53188, version 4.0 C1 + EDR"
Гейминг хардуер,"
TP-Link UE200
",21.6,TP-TL-UE200,Мрежово оборудване,Мрежова карта Tp-Link UE200 USB 2.0 - LAN 10/1000
Гейминг хардуер,"
D-Link DWA-131
",21.34,D-LINK-DWA-131,Мрежово оборудване,Безжичен адаптерr D-LINK DWA-131 Nano
Гейминг хардуер,"
Estillo 10/100/1000 PCI-ex Realtek
",21.6,EST-NET-10-100-1000,Мрежово оборудване,Мрежова карта ESTILLO 10/100/1000 PCI-ex Realtek
Гейминг хардуер,"
EDIMAX EN-9235TX-32
",21.6,EDIM-EN-9235TX-32,Мрежово оборудване,"Мрежова карта EDIMAX EN-9235TX-32, low profile"
Гейминг хардуер,"
TP-Link TL-WN722N
",20.4,TP-TL-WN722N,Мрежово оборудване,Безжичен адаптер TP LINK TL-WN722N
Гейминг хардуер,"
EDIMAX EW-7811UN
",19.38,EDIM-EW-7811UN,Мрежово оборудване,Безжичен нано адаптер EDIMAX EW-7811UN
Гейминг хардуер,"
D-Link DWA-121
",17.6,D-LINK-DWA-121,Мрежово оборудване,Безжичен адаптер D-Link DWA-121 Wireless
Гейминг хардуер,"
Hama Bluetooth USB Adapter
",19.87,HAMA-49218,Мрежово оборудване,"Адаптер Bluetooth USB HAMA 49218, version 4.0+EDR"
Гейминг хардуер,"
TP-Link TL-WN725N
",17.0,TP-TL-WN725N,Мрежово оборудване,Нано адаптер TP LINK TL-WN725N
Гейминг хардуер,"
Estillo Bluetooth
",14.4,EST-MINI-BLUETOTH,Мрежово оборудване,Мини адаптер Bluetooth USB ESTILLO
Гейминг хардуер,"
Estillo 8139D Realtek
",13.07,EST-NET-10-100,Мрежово оборудване,Мрежова карта ESTILLO 10/100 Realtek 8139D
Гейминг хардуер,"
MikroTik RBGPOE
",9.6,MIKROTIK-CABL-RBPOE,Мрежово оборудване,"Пасивно POE захранващо устройство MikroTik RBGPOE,PoE, 28 V"
Гейминг хардуер,"
MikroTik RBGPOE
",11.26,MIKROTIK-INJEC-RBGPOE,Мрежово оборудване,"Гигабитов етернет MikroTik RBGPOE,10,100,1000 Мбит/с, 48 V, 2 A"
Гейминг хардуер,"
iFixit Manta Precision Bit Set
",169.0,IF145-392,Инструменти,Професионални инструменти iFixit Manta Precision Bit Set - 112 Precision Bits
Гейминг хардуер,"
iFixit Pro Tech Toolkit
",169.0,IF145-307-4,Инструменти,Професионални инструменти iFixit Pro Tech Toolkit - 64 Precision Bits
Гейминг хардуер,"
iFixit Marlin
",129.0,IF145-EU145462,Инструменти,Професионални инструменти iFixit Marlin - 15 прецизни отверки
Гейминг хардуер,"
iFixit Mahi Precision Bit Set
",79.0,IF145-391,Инструменти,Професионални инструменти iFixit Mahi Precision Bit Set - 48 Precision Bits
Гейминг хардуер,"
iFixit iOpener
",64.99,IF145-198-9,Инструменти,Инструмент iFixit iOpener Toolkit
Гейминг хардуер,"
iFixit Mako Precision Bit Set
",79.0,IF145-299-4,Инструменти,Професионални инструменти iFixit Mako Driver Kit - 64 Precision Bits
Гейминг хардуер,"
Phanteks 16 Piece Computer Toolkit
",45.23,PHANTEKS-ACC-ZUWS-148,Инструменти,Инструменти PHANTEKS Toolkit
Гейминг хардуер,"
iFixit Magnetic Project Mat
",55.01,IF145-167-4,Инструменти,Магнитна подложка iFixit Magnetic Project Mat 20 x 25 cm
Гейминг хардуер,"
iFixit Jimmy
",25.0,IF145-259,Инструменти,"Инструмент iFixit Jimmy за отваряне на лаптопи, мобилни телефони, таблети"
Гейминг хардуер,"
iFixit Precision Tweezers Set
",45.0,IF145-060-3,Инструменти,Инструмент iFixit Precision Tweezer Set PRO комплект от 3 прецизни пинсети
Гейминг хардуер,"
Estillo комбинирани клещи 3в1
",22.8,EST-TOOLS,Инструменти,Клещи комбинирани 3 в 1 ESTILLO
Гейминг хардуер,"
Hama универсален комплект отвертки
",24.78,HAMA-53052,Инструменти,Отвертка с 10 накрайници HAMA 53052
Гейминг хардуер,"
Hama комплект мини отвертки
",20.4,HAMA-39694,Инструменти,Отвертка с 12 накрайници HAMA 39694
Гейминг хардуер,"
iFixit Opening Tool 5-Pack
",18.0,IF145-335-1,Инструменти,Инструмент iFixit Opening Tool х5
Гейминг хардуер,"
Estillo Mini RJ-45/RJ11 Tester
",19.2,EST-TESTER-MINI,Инструменти,Тестер за кабели RJ-45/RJ-11 ESTILLO
Гейминг хардуер,"
iFixit Precision Utility Knife
",15.0,IF145-185-2,Инструменти,Инструмент iFixit Utility Knife
Гейминг хардуер,"
Delock SATA PCI Express Card - 2 ports
",100.8,DELOCK-90393,Контролери,Контролер Delock SATA PCI Express Card - 2 ports
Гейминг хардуер,"
Estillo PCI to Serial Port
",50.4,EST-PCI-SER4,Контролери,Контролер ESTILLO PCI 4S serial port
Гейминг хардуер,"
Internal USB Hub (Gen 3)
",49.0,NZXT-AC-IUSBH-M3,Контролери,USB хъб за вграждане NZXT AC-IUSBH-M3
Гейминг хардуер,"
Phanteks Universal PWM Fan Controller
",49.0,PHANTEKS-ACC-LULS-316,Вентилатори,Контролер за вентилатори Phanteks Universal PWM Fan Controller
Гейминг хардуер,"
Estillo mSATA to SATA
",37.2,EST-MSATA-SATA,Контролери,"Адаптер ESTILLO mSata SSD към 2.5"" Sata"
Гейминг хардуер,"
Estillo Caddy 9.5mm
",36.0,EST-CONV-NOT1,Контролери,Конвертор ESTILLO caddy SATA към SATA HDD bay 9.5mm
Гейминг хардуер,"
Estillo Caddy 12.5mm
",36.0,EST-CONV-NOT,Контролери,Конвертор ESTILLO caddy SATA към SATA HDD bay 12.5mm
Гейминг хардуер,"
Estillo PCI SATA RAID
",31.2,EST-PCI-SATA-RAID,Контролери,RAID контролер Estillo PCI SATA RAID за 2 диска SATA
Гейминг хардуер,"
Estillo USB 2.0 to SATA/IDE
",25.31,EST-USB2.0-2.5-3.5-COMBO,Контролери,"Конвертор ESTILLO USB 2.0 към 2.5""/3.5"" SATA / IDE"
Гейминг хардуер,"
Estillo PCI to Serial and Parralel Ports
",26.4,EST-PCI-SER-PAR,Контролери,Контролер ESTILLO PCI 2S serial port + 1paralel
Гейминг хардуер,"
NZXT Internal USB Hub
",22.07,NZXT-AC-IUSBH-M1,Контролери,USB хъб за вграждане NZXT AC-IUSBH-M1
Гейминг хардуер,"
Estillo PCI to 1394 FireWire
",19.2,EST-PCI-1394,Контролери,Контролер ESTILLO PCI - 3 x 1394AV + 1 x 1394 FireWire PCI Host Adapter
Гейминг хардуер,"
Estillo PCI to USB 2.0
",17.4,EST-PCI-USB2.0,Контролери,"PCI адаптер ESTILLO 4 външни и 1 вътрешен порт USB2.0, NEC Chips"
Гейминг хардуер,"
Thermal Grizzly Minus Pad 8
",20.65,TG-ZUWA-143,Термо пасти,"Термопроводящ пад Thermal Grizzly Minus Pad 8, 120 х 20 х 1.5 mm"
Гейминг хардуер,"
Thermal Grizzly Carbonaut
",20.4,TG-ZUWA-182,Термо пасти,"Термопроводящ пад Thermal Grizzly Carbonaut, 25 х 25 х 0.2 mm"
Гейминг хардуер,"
Thermal Grizzly Conductonaut
",20.4,TG-ZUWA-153,Термо пасти,"Термо паста Thermal Grizzly Conductonaut Liquid Metal, 1g, Черен"
Гейминг хардуер,"
Thermal Grizzly TG Shield
",19.6,TG-ZUWA-211,Термо пасти,"Защитен лак Thermal Grizzly Shield, 5ml, Червен"
Гейминг хардуер,"
Arctic MX-4
",18.0,ARCTIC-TCP-ACTCP00008B,Термо пасти,"Термо паста ARCTIC MX-4, 2019 Edition, Сив"
Гейминг хардуер,"
Thermal Grizzly Aeronaut
",18.6,TG-ZUWA-130,Термо пасти,"Термо паста Thermal Grizzly Aeronaut, Черен"
Гейминг хардуер,"
Thermal Grizzly Minus Pad 8
",18.19,TG-ZUWA-138,Термо пасти,"Термопроводящ пад Thermal Grizzly Minus Pad 8, 30 х 30 х 2.0 mm"
Гейминг хардуер,"
Thermal Grizzly TG Remove
",19.3,TG-ZUWA-210,Термо пасти,"Почистваща течност Thermal Grizzly Remove, 10ml, Прозрачна"
Гейминг хардуер,"
Thermal Grizzly Minus Pad 8
",17.6,TG-ZUWA-141,Термо пасти,"Термопроводящ пад Thermal Grizzly Minus Pad 8, 120 х 20 х 1.0 mm"
Гейминг хардуер,"
Thermal Grizzly Minus Pad 8
",15.77,TG-ZUWA-139,Термо пасти,"Термопроводящ пад Thermal Grizzly Minus Pad 8, 120 х 20 х 0.5 mm"
Гейминг хардуер,"
Arctic MX-2
",13.61,ARCTIC-ACTCP00004B,Термо пасти,Термо паста ARCTIC MX-2 2019 Edition
Гейминг хардуер,"
Thermal Grizzly Minus Pad 8
",15.3,TG-ZUWA-137,Термо пасти,"Термопроводящ пад Thermal Grizzly Minus Pad 8, 30 х 30 х 1.5 mm"
Гейминг хардуер,"
Thermal Grizzly Minus Pad 8
",13.43,TG-ZUWA-136,Термо пасти,"Термопроводящ пад Thermal Grizzly Minus Pad 8, 30 х 30 х 1.0 mm"
Гейминг хардуер,"
Arctic Thermal Pad
",13.2,ARCTIC-ACTPD00003A,Термо пасти,"Термопроводящ пад ARCTIC Thermal pad, 50 х 50 х 1.5 mm"
Гейминг хардуер,"
Thermal Grizzly Minus Pad 8
",12.44,TG-ZUWA-135,Термо пасти,"Термопроводящ пад Thermal Grizzly Minus Pad 8, 30 х 30 х 0.5 mm"
Гейминг хардуер,"
Arctic MX-4
",12.0,ARCTIC-TCP-ACTCP00002B,Термо пасти,"Термо паста ARCTIC MX-4, 2019 Edition, Сив"
Гейминг хардуер,"
Arctic MX-4
",10.2,ARCTIC-TCP-ACTCP00007B,Термо пасти,"Термо паста ARCTIC MX-4, 2019 Edition, Сив"
Гейминг хардуер,"
Arctic Thermal Pad
",10.8,ARCTIC-ACTPD00002A,Термо пасти,"Термопроводящ пад ARCTIC Thermal pad, 50 х 50 х 1 mm"
Гейминг хардуер,"
Arctic MX-2 4g
",10.01,ARCTIC-ACTCP00005B,Термо пасти,Термо паста ARCTIC MX-2 2019 Edition 4g
Гейминг хардуер,"
Thermal Grizzly Hydronaut
",9.7,TG-ZUWA-150,Термо пасти,"Термо паста Thermal Grizzly Hydronaut, 1g, Черен"
Гейминг хардуер,"
Thermal Grizzly Aeronaut
",8.12,TG-ZUWA-151,Термо пасти,"Термо паста Thermal Grizzly Aeronaut, Черен"
Гейминг хардуер,"
Arctic Thermal Pad
",9.0,ARCTIC-ACTPD00001A,Термо пасти,"Термопроводящ пад ARCTIC Thermal pad, 50 х 50 х 0.5 mm"
Гейминг хардуер,"
Thermal Grizzly Applications
",5.05,TG-ZUWA-152,Термо пасти,Thermal Grizzly Applications - 3 броя
Гейминг хардуер,"
SPIRE Termica X2-431
",4.8,SP-X2-431-0.5,Термо пасти,Термо паста SPIRE Termica X2-431
Гейминг хардуер,"
Thermal Grizzly Applications for Liquid Metal
",2.95,TG-ZUWA-157,Термо пасти,Thermal Grizzly Applications for Liquid Metal - 3 броя
Гейминг хардуер,"
PowerWalker VI 1000 MS
",197.95,POWER-UPS-VI1000MS,UPS- и,"UPS POWERWALKER VI 1000 MS, 1000 VA Line Interactive"
Гейминг хардуер,"
PowerWalker 650 SW
",177.29,POWER-INVERTER-650SW,UPS- и,"Инвертор POWERWALKER 650 SW, 650 VA"
Гейминг хардуер,"
PowerWalker VFD 600 APFC
",172.52,POWER-UPS-VFD600APFC,UPS- и,"UPS POWERWALKER VFD 600 APFC, 600VA, Off-Line"
Гейминг хардуер,"
PowerWalker VI 850 SB
",148.13,POWER-UPS-VI850SB,UPS- и,"UPS POWERWALKER VI 850 SB, 850VA Line Interactive"
Гейминг хардуер,"
PowerWalker AVR 2000 SIV
",147.13,POWER-AVR-2000,UPS- и,"Стабилизатор POWERWALKER AVR 2000 SIV, 2000VA"
Гейминг хардуер,"
PowerWalker VFD 600
",128.32,POWER-UPS-VFD600,UPS- и,"UPS POWERWALKER VFD 600, 600VA, Off-Line"
Гейминг хардуер,"
FSP Rack Mount Slider Rails for 19"" UPS
",115.2,FORT-UPS-RACK-SLIDER,UPS- и,"Релси FSP Rack Mount Slider Rails for 19"" UPS"
Гейминг хардуер,"
PowerWalker AVR 1200
",95.03,POWER-AVR-1200,UPS- и,"Стабилизатор POWERWALKER AVR 1200, 1200VA"
Гейминг хардуер,"
PowerWalker AVR 600
",73.46,POWER-AVR-600,UPS- и,"Стабилизатор POWERWALKER AVR 600, 600VA"
Кабели,"
PowerWalker IEC C13/C14
",16.68,POWER-CABLE-IEC-C13-C14,Кабели,"Кабел PowerWalker IEC C13/C, 14 - 1,80 m, 10A, 0.75 mm2"
Кабели,"
PowerWalker IEC 10A C14/ Schuko
",16.07,POWER-CABLE-IEC-SCHUKO,Кабели,Кабел PowerWalker IEC 10A C14/ шуко (20cm)
Гейминг хардуер,"
Jonsbo VC-4
",43.96,JONSBO-GAZU-643,Видео карти,Jonsbo VC-4 ARGB GPU Holder
Гейминг хардуер,"
CoolMoon CM-VT192
",15.0,COOLMOON-VT192-BL,Видео карти,"Държач за графична карта COOLMOON CM-VT192, Алуминий, Черен"
Гейминг хардуер,"
Jonsbo VC-1 GPU bracket
",22.9,JONSBO-GAZU-642,Видео карти,Jonsbo VC-1 GPU bracket - silver
Гейминг хардуер,"
CoolMoon CM-VT192
",15.0,COOLMOON-VT192-GR,Видео карти,"Държач за графична карта COOLMOON CM-VT192, Алуминий, Сребрист"
Гейминг хардуер,"
Cooler Master Universal Graphics Card Holder (2 supports)
",29.0,CM-MCA-0005-KUH00,Видео карти,Cooler Master Universal Graphics Card Holder
Гейминг хардуер,"
Cooler Master ELV8 Universal Graphic Card Holder
",49.0,CM-MAZ-IMGB-N30NA-R1,Видео карти,Cooler Master ELV8 Universal Graphic Card Holder
Гейминг хардуер,"
BIOSTAR H510MHP
",144.28,BIO-MB-H510MHP,Дънни платки,"Дънна платка BIOSTAR H510MHP, mATX, socket 1200"
Гейминг хардуер,"
BIOSTAR H81MHV3
",141.4,BIO-MB-H81MHV3,Дънни платки,"Дънна платка BIOSTAR H81MHV3, Intel H81, sock. 1150, Ver 7.3"
Гейминг хардуер,"
BIOSTAR B365MHC
",141.3,BIO-MB-B365MHC,Дънни платки,"Дънна платка BIOSTAR B365MHC, Intel B365, sock. 1151, Ver 6.X"
Гейминг хардуер,"
BIOSTAR A68N-5600E
",143.26,BIO-MB-A68N-5600E,Дънни платки,"Дънна платка BIOSTAR A68N-5600E BGA769 с процесор AMD PRO A4-3350B, Ver 6.X"
Гейминг хардуер,"
ASRock H510M-HDV/M.2
",144.05,ASR-MB-H510M-HDV-M2,Дънни платки,"Дънна платка ASRock H510M-HDV/M.2, LGA1200, DDR4, mATX"
Гейминг хардуер,"
GIGABYTE B450M S2H
",140.02,GA-MB-B450M-S2H,Дънни платки,"Дънна платка GIGABYTE B450M S2H, rev. 1.0"
Гейминг хардуер,"
GIGABYTE A320M-S2H
",130.42,GA-MB-A320M-S2H,Дънни платки,Дънна платка GIGABYTE A320M-S2H
Гейминг хардуер,"
Gigabyte H310M H
",125.88,GA-MB-H310M-H,Дънни платки,Дънна платка GIGABYTE H310M-H
Гейминг хардуер,"
GIGABYTE A320M-H
",115.13,GA-MB-A320M-H,Дънни платки,Дънна платка GIGABYTE A320M-H
Гейминг хардуер,"
Biostar Intel Celeron J1800
",123.11,BIO-MB-J1800NH3,Дънни платки,"Дънна платка Biostar Intel Celeron J1800, Mini-ITX, 2xSO-DIMM DDR3L"
Гейминг хардуер,"
BIOSTAR H310MHP
",114.55,BIO-MB-H310MHP,Дънни платки,"Дънна платка BIOSTAR H310MHP, Intel H310, sock. 1151, Ver 7.X"
Гейминг хардуер,"
ASUS TPM-SPI
",36.0,ASUS-TPM-SPI,Дънни платки,Защитен модул ASUS TPM-SPI
Гейминг хардуер,"
GIGABYTE GC-TPM2.0 SPI 2.0
",26.69,GA-GC-TPM2-0-SPI,Дънни платки,Защитен модул Gigabyte GC-TPM2.0 SPI 2.0
Гейминг хардуер,"
Gigabyte GC-TPM2.0_S
",26.69,GA-GC-TPM2.0-S,Дънни платки,Защитен модул Gigabyte GC-TPM2.0_S
Гейминг хардуер,"
ASUS TPM-M R2.0
",36.0,ASUS-TPM-M-R2.0,Дънни платки,Защитен модул ASUS TPM-M R2.0
Гейминг хардуер,"
Team Group Elite 8GB 2666 MHz
",58.12,TEAM-RAM-DDR4-8GB-2666,Памети,"Памет Team Group Elite 8GB, 1.2V"
Гейминг хардуер,"
Kingston 4GB 3200MHz
",51.26,KIN-RAM-KVR32S22S6-4,Памети,"Памет Kingston 4GB, SODIMM, DDR4, PC4-25600, 3200MHz, CL22 KVR32S22S6/4"
Гейминг хардуер,"
Kingston 4GB 3200 MHz
",49.78,KIN-RAM-KVR32N22S6-4,Памети,Памет Kingston 4GB
Гейминг хардуер,"
Kingston 4GB 2666 MHz
",49.31,KIN-RAM-KVR26S19S6-4,Памети,Памет Kingston 4GB
Гейминг хардуер,"
Kingston 4GB 2666 MHz
",49.31,KIN-RAM-KVR26N19S6-4,Памети,Памет Kingston 4GB
Гейминг хардуер,"
Team Group Elite 4GB 2666 MHz
",44.34,TEAM-RAM-DDR4-4GB-2666-EX,Памети,"Памет Team Group Elite DDR4 4GB 2666MHz, CL19-19-19-43 1.2V"
Гейминг хардуер,"
Silicon Power 4GB 2666MHz
",43.5,SLP-RAM-004GBLFU266X02,Памети,Памет Silicon Power 4GB DDR4 PC4-21333 2666MHz CL19 SP004GBLFU266X02
Гейминг хардуер,"
Team Group Elite 4GB 2400 MHz
",43.26,TEAM-RAM-4-SDM-4GB-2400,Памети,Памет Team Group Elite SO-DIMM 4GB CL16-16-16-39 1.2V
Гейминг хардуер,"
Kingston 2GB 1600 MHz
",43.1,KIN-RAM-KVR16S11S6-2,Памети,Памет Kingston 2GB
Гейминг хардуер,"
Silicon Power 4GB 2666MHz
",39.05,SLP-RAM-004GBSFU266X02,Памети,Памет Silicon Power 4GB SODIMM DDR4 PC4-21333 2666MHz CL19 SP004GBSFU266X02
Гейминг хардуер,"
Silicon Power 4GB 1600MHz
",39.44,SLP-RAM-004GBSTU160N02,Памети,Памет Silicon Power 4GB SODIMM DDR3 PC4-12800 1600MHz CL11 SP004GBSTU160N02
Гейминг хардуер,"
Silicon Power 4GB 2400MHz
",38.78,SLP-RAM-004GBLFU240X02,Памети,Памет Silicon Power 4GB DDR4 PC4-19200 2400MHz CL17 SP004GBLFU240X02
Гейминг хардуер,"
Silicon Power 4GB 1600MHz
",36.48,SLP-RAM-004GLSTU160N02,Памети,Памет Silicon Power 4GB SODIMM DDR3L PC4-12800 1600MHz CL11 SP004GLSTU160N02
Гейминг хардуер,"
Silicon Power 4GB 1600MHz
",36.48,SLP-RAM-004GBLTU160N02,Памети,Памет Silicon Power 4GB DDR3 PC3-12800 1600MHz CL11 SP004GBLTU160N02
Гейминг хардуер,"
Silicon Power 2GB 1600MHz
",35.68,SLP-RAM-002GBLTU160V02,Памети,Памет Silicon Power 2GB DDR3 PC3-12800 1600MHz CL11 SP002GBLTU160V02
Гейминг хардуер,"
Silicon Power 2GB 1600MHz
",35.54,SLP-RAM-002GBSTU160V02,Памети,Памет Silicon Power 2GB SODIMM DDR3 PC4-12800 1600MHz CL11 SP002GBSTU160V02
Гейминг хардуер,"
Team Group Elite 1GB 400 MHz
",35.4,TEAM-RAM-DDR-1GB,Памети,"Памет Team Group Elite 1GB, 2.6V"
Гейминг хардуер,"
Team Group Elite 4GB 1600 MHz
",35.48,TEAM-RAM-DDR3-4GB,Памети,"Памет Team Group Elite 4GB, 1.5V"
Гейминг хардуер,"
Team Group Elite 1GB 800 MHz
",31.2,TEAM-RAM-DDR2-1GB-CL6,Памети,"Памет Team Group Elite DDR2-800, 1GB, CL6-6-6-18 1.8V"
Гейминг хардуер,"
Intel Pentium Gold G5600F
",195.72,INTEL-G5600F-BOX,Процесори,"Процесор Intel Pentium Gold G5600F, 3.9GHz, 4MB, 54W, LGA1151, BOX"
Гейминг хардуер,"
Intel Core i3-10100F
",171.83,INTEL-I3-10100F-BOX,Процесори,"Процесор Intel Comet Lake-S Core I3-10100F 4 cores, 3.6Ghz (Up to 4.30Ghz), 6MB, 65W, LGA1200, BOX"
Гейминг хардуер,"
Intel Core i3-10105F Tray
",186.6,INTEL-I3-10105F-TRAY,Процесори,"Процесор Intel Comet Lake-S Core I3-10105F, 4 cores, 3.7Ghz (Up to 4.40Ghz) 6MB, 65W, LGA1200, TRAY"
Гейминг хардуер,"
Intel Pentium Gold G6405
",140.74,INTEL-G6405-BOX,Процесори,"Процесор Intel Comet Lake Pentium Gold G6405, 2 Cores, 4.10 GHz, 4MB, 58W, LGA1200, BOX"
Гейминг хардуер,"
Intel Celeron G6900
",133.55,INTEL-G6900-BOX,Процесори,"Процесор Intel Celeron G6900, 3.4GHz, 4MB, 46W, LGA1700, BOX"
Гейминг хардуер,"
Intel Pentium Gold G6405
",133.22,INTEL-G6405-TRAY,Процесори,"Процесор Intel Comet Lake Pentium Gold G6405, 2 Cores, 4.10 GHz, 4MB, 58W, LGA1200, TRAY"
Гейминг хардуер,"
Intel Celeron G5905
",99.91,INTEL-G5905-BOX,Процесори,"Процесор Intel Celeron G5905, Comet Lake, 3.5GHz, 4MB, 58W, FCLGA1200, BOX"
Гейминг хардуер,"
Intel Celeron G5900
",82.8,INTEL-G5900-TRAY,Процесори,"Процесор Intel Comet Lake Celeron G5900, 2 Cores, 3.4 GHz, 4MB, 58W, LGA1200, TRAY"
Гейминг хардуер,"
der8auer RYZEN 3000 OC AIO Mounting Frame
",69.1,TG-FSD8-033,Процесори,der8auer RYZEN 3000 OC AIO Mounting Frame
Гейминг хардуер,"
CableMod Vertical PCI-e Bracket - HDMI + DisplayPort - BLACK
",129.0,CABLEMOD-ZURC-016,Видео карти,"CableMod универсален брекет и кабел за вертикален монтаж за видео карта PCIe x16, 1x DisplayPort, 1x HDMI кабел"
Гейминг хардуер,"
CableMod Vertical PCI-e Bracket - 2 x DisplayPort - BLACK
",129.0,CABLEMOD-ZURC-015,Видео карти,"CableMod универсален брекет и кабел за вертикален монтаж за видео карта PCIe x16, 2x DisplayPort кабел"
Гейминг хардуер,"
BIOSTAR GeForce GT 610 2G
",121.2,BIO-VC-N-VN6103THX6,Видео карти,"Видео карта BIOSTAR GeForce GT 610, 2GB, SDDR3, 64 bit, DVI-I, D-Sub, HDMI VN6103THX6"
Гейминг хардуер,"
Cooler Master Universal Vertical GPU Holder Kit Ver.2
",99.0,CM-MCA-U000R-KFVK01,Видео карти,Cooler Master GPU holder V2 Брекет и кабел за вертикален монтаж на видео карта
Гейминг хардуер,"
BIOSTAR GeForce 210
",85.13,BIO-VC-N-VN2103NHG6,Видео карти,"Видео карта BIOSTAR GeForce 210, 1GB, GDDR3, 64 bit, DVI-I, D-Sub, HDMI"
Гейминг хардуер,"
Phanteks Vertical GPU Kit
",89.0,PHANTEKS-GEPH-104,Видео карти,Phanteks Универсален брекет и кабел за вертикален монтаж за видео карта
Гейминг хардуер,"
Jonsbo VF-1
",64.91,JONSBO-ZURA-256,Видео карти,"Допълнителен охладител за видео карта Jonsbo VF-1 PCI, 3 x 80mm, RGB"
Гейминг хардуер,"
Kolink Externder Riser Cable
",61.69,KOLINK-AC-ZUAD-1106,Видео карти,Кабел за вертикален монтаж за видео карта Kolink Externder Riser Cable 300mm PCI-E x16 3.0
Гейминг хардуер,"
Cooler Master Riser Cable PCIe 3.0 X16 Ver. 2 - 300mm
",75.0,CM-MCA-U000C-KPCI30-300,Видео карти,Kабел за вертикален монтаж за видео карта Cooler Master Universal GPU Extender Riser Cable 300mm PCIE 3.0 x16 ver.2
